Id,Category
0,Billy Bob Thornton
1,Antonio Banderas
2,Adrien Brody
3,Adriana Barraza
4,Albert Brooks
5,Andy Serkis
6,Angelina Jolie
7,Antonio Banderas
8,Ava Gardner
9,Ashley Greene
10,Adrianne Palicki
11,Andrew Garfield
12,Bill Hader
13,Barabara Palvin
14,Benjamin Bratt
15,Berenice Bejo
16,Alessandra Ambrosio
17,Alan Arkin
18,Akemi Darenogare
19,Anderson Cooper
20,Ashley Graham
21,Ashley Greene
22,Benedict Cumberbatch
23,Adele
24,Adriana Lima
25,Bill Daley
26,Ava Gardner
27,Ashley Greene
28,Benedict Cumberbatch
29,Anderson Cooper
30,Angela Bassett
31,Ava Gardner
32,Angelina Jolie
33,Al Pacino
34,Andrew Garfield
35,Alan Arkin
36,Andrew Garfield
37,Andrew Luck
38,Amy Schumer
39,bella thorne
40,Anjelica Huston
41,bella thorne
42,Bill Daley
43,Adrianne Palicki
44,Bill Murray
45,Amy Ryan
46,Barbra Streisand
47,Adriana Barraza
48,Alan Arkin
49,Alessandra Ambrosio
50,Aaron Paul
51,Ava Gardner
52,AnnaSophia Robb
53,Anne Baxter
54,Ava Gardner
55,Alice Eve
56,Amber Heard
57,Audrey Hepburn
58,Bill O Reilly
59,Alec Baldwin
60,Amy Ryan
61,Al Pacino
62,Anjelica Huston
63,Andy Garcia
64,Andy Garcia
65,Benedict Cumberbatch
66,Andreea Diaconu
67,Barbra Streisand
68,Audrey Hepburn
69,Andy Serkis
70,Albert Brooks
71,Adrien Brody
72,Analeigh Tipton
73,Adele
74,Anthony Perkins
75,Andy Murray
76,Albert Finney
77,Al Pacino
78,Al Roker
79,Anna Friel
80,Al Pacino
81,Ashton Kutcher
82,Abigail Breslin
83,Andie MacDowell
84,Akemi Darenogare
85,Angelina Jolie
86,Barry Pepper
87,Abigail Breslin
88,Arnold Schwarzenegger
89,Anthony Mackie
90,AnnaSophia Robb
91,Benicio Del Toro
92,Alessandra Ambrosio
93,Audrey Tautou
94,Alicia Vikander
95,Anthony Hopkins
96,Amanda Crew
97,Ben Kingsley
98,Andy Garcia
99,Amber Heard
100,Adriana Lima
101,Andrew Lincoln
102,Anjelica Huston
103,bella thorne
104,Aaron Taylor-Johnson
105,Bill Daley
106,Andrew Garfield
107,Anne Bancroft
108,Ashley Judd
109,Akemi Darenogare
110,Amanda Peet
111,Amy Schumer
112,Albert Brooks
113,Albert Finney
114,Al Roker
115,Andrew Garfield
116,Bill Rancic
117,Barbra Streisand
118,Anna Friel
119,Anthony Hopkins
120,Anne Hathaway
121,Audrey Tautou
122,Bill Daley
123,Alx James
124,Anthony Hopkins
125,Barabara Palvin
126,Anthony Hopkins
127,Alice Eve
128,Berenice Bejo
129,Bill Paxton
130,Alx James
131,Anne Hathaway
132,Adriana Barraza
133,Adriana Barraza
134,Arnold Schwarzenegger
135,Adriana Barraza
136,Amanda Peet
137,Albert Finney
138,Angelina Jolie
139,Amanda Bynes
140,Adele
141,Amber Heard
142,Amy Ryan
143,AnnaSophia Robb
144,Amy Adams
145,Anna Kendrick
146,Billy Bob Thornton
147,Anne Hathaway
148,Alexander Skarsgard
149,Benicio Del Toro
150,Annette Bening
151,Anna Friel
152,Billy Bob Thornton
153,Ben Foster
154,Ben Johnson
155,Bill Murray
156,Ben Johnson
157,Anna Faris
158,Benicio Del Toro
159,Anna Friel
160,Anthony Perkins
161,Annette Bening
162,Adriana Lima
163,Andy Murray
164,Akemi Darenogare
165,Bill Hader
166,Anthony Hopkins
167,Adriana Barraza
168,Annette Bening
169,Adrianne Palicki
170,Ben Foster
171,Adriana Barraza
172,Bernie Mac
173,Albert Finney
174,Ben Stiller
175,Anne Baxter
176,AnnaSophia Robb
177,Amanda Seyfried
178,Angelina Jolie
179,Barbra Streisand
180,Ben Johnson
181,Angela Bassett
182,Bella Hadid
183,Analeigh Tipton
184,Alexandra Daddario
185,Anjelica Huston
186,Anthony Hopkins
187,Amy Ryan
188,Ava Gardner
189,Andrew Garfield
190,Berenice Bejo
191,Amanda Bynes
192,Bella Hadid
193,Anna Sui
194,Anna Friel
195,Berenice Bejo
196,Bernie Mac
197,Andy Serkis
198,Benicio Del Toro
199,Bella Hadid
200,Barabara Palvin
201,Ben Stiller
202,Ashley Graham
203,Alessandra Ambrosio
204,Ben Johnson
205,Bette Midler
206,Ben Johnson
207,Benedict Cumberbatch
208,Betty White
209,Andrew Lincoln
210,Adam Sandler
211,Anna Faris
212,Barbra Streisand
213,Anderson Cooper
214,Aaron Paul
215,Ben Kingsley
216,Angela Bassett
217,Akemi Darenogare
218,Ben Stiller
219,Bill Pullman
220,Anne Bancroft
221,Billy Bob Thornton
222,Ali Larter
223,Adrianne Palicki
224,Angelina Jolie
225,Adrien Brody
226,Aaron Paul
227,Annette Bening
228,Ava Gardner
229,Anna Paquin
230,Alan Arkin
231,Beyonce Knowles
232,Audrey Hepburn
233,Anne Bancroft
234,Ava Gardner
235,Ashley Graham
236,Al Pacino
237,Adriana Lima
238,Aaron Taylor-Johnson
239,Alessandra Ambrosio
240,Benjamin Bratt
241,Adrien Brody
242,Anna Kendrick
243,Ashley Graham
244,Ben Kingsley
245,Audrey Tautou
246,Aaron Judge
247,Aaron Taylor-Johnson
248,Andrew Luck
249,Benicio Del Toro
250,Ava Gardner
251,Benicio Del Toro
252,Aaron Judge
253,Angelina Jolie
254,Ben Foster
255,Al Roker
256,Ashton Kutcher
257,Ashley Graham
258,Andreea Diaconu
259,Barabara Palvin
260,Alexandra Daddario
261,Ashley Judd
262,Amber Heard
263,Ava Gardner
264,Anna Friel
265,Bill O Reilly
266,Barabara Palvin
267,Bill O Reilly
268,Alex Pettyfer
269,Barabara Palvin
270,Anna Paquin
271,Ben Affleck
272,Alan Alda
273,Amy Ryan
274,Barry Pepper
275,Benicio Del Toro
276,Andrew Garfield
277,Amy Adams
278,Annette Bening
279,Anne Bancroft
280,Adriana Lima
281,Andy Garcia
282,Amanda Bynes
283,Amy Ryan
284,Adele
285,Anderson Cooper
286,Ashley Graham
287,Bill Pullman
288,Anne Baxter
289,Aaron Judge
290,Alexander Skarsgard
291,Bill Hader
292,bella thorne
293,Bill Daley
294,bella thorne
295,Andy Serkis
296,Amy Schumer
297,Ashley Greene
298,Alex Pettyfer
299,Andrew Lincoln
300,Albert Finney
301,Bill Pullman
302,Amy Schumer
303,AnnaSophia Robb
304,Adriana Lima
305,Al Roker
306,Analeigh Tipton
307,Ben Affleck
308,Amanda Seyfried
309,Ashley Judd
310,Aaron Judge
311,Andy Garcia
312,Adrien Brody
313,Alx James
314,Bill Pullman
315,Ben Foster
316,Ashley Graham
317,Audrey Tautou
318,Anne Bancroft
319,Ashton Kutcher
320,Aaron Judge
321,Amber Heard
322,Anna Sui
323,Andy Serkis
324,Ben Stiller
325,Anne Hathaway
326,Anthony Hopkins
327,Barry Pepper
328,Bill Hader
329,Ava Gardner
330,Bill Murray
331,Bill Murray
332,Al Roker
333,Armin Mueller-Stahl
334,Bella Hadid
335,Anthony Perkins
336,Audrey Tautou
337,Bella Hadid
338,Adrianne Palicki
339,Alexander Skarsgard
340,Albert Brooks
341,Anne Baxter
342,Alx James
343,Andrew Garfield
344,Andy Serkis
345,Alicia Vikander
346,AnnaSophia Robb
347,Andy Garcia
348,Anderson Cooper
349,Benjamin Bratt
350,Abigail Breslin
351,Andrew Luck
352,Andreea Diaconu
353,Art Carney
354,Benjamin Bratt
355,Andrew Garfield
356,Barabara Palvin
357,Analeigh Tipton
358,Berenice Bejo
359,Amanda Peet
360,Abigail Breslin
361,Anthony Perkins
362,Bette Midler
363,Amy Schumer
364,Adrien Brody
365,Alx James
366,Adele
367,Angela Bassett
368,Audrey Hepburn
369,Bill Rancic
370,Adriana Barraza
371,Andrew Garfield
372,Ben Kingsley
373,Arnold Schwarzenegger
374,Alicia Vikander
375,Albert Brooks
376,Benedict Cumberbatch
377,Beyonce Knowles
378,Andy Garcia
379,Andrew Lincoln
380,Audrey Tautou
381,Amber Heard
382,Alex Pettyfer
383,Adriana Lima
384,Andy Garcia
385,Arnold Schwarzenegger
386,Bill Rancic
387,Anthony Perkins
388,Ben Johnson
389,Anna Paquin
390,Andie MacDowell
391,Armin Mueller-Stahl
392,Anthony Perkins
393,Audrey Hepburn
394,Albert Finney
395,Alexander Skarsgard
396,Alan Arkin
397,Amanda Bynes
398,Adam Sandler
399,AnnaSophia Robb
400,Anthony Mackie
401,Anna Paquin
402,Albert Finney
403,Ben Kingsley
404,Ben Kingsley
405,Anthony Perkins
406,Alexis Thorpe
407,Andrew Lincoln
408,Ashley Graham
409,Adriana Barraza
410,Audrey Tautou
411,Amanda Seyfried
412,Adrien Brody
413,Alex Pettyfer
414,Barry Pepper
415,Adele
416,Ashley Graham
417,Andy Samberg
418,Alexandra Daddario
419,Al Roker
420,Alexandra Daddario
421,Al Pacino
422,Andy Garcia
423,Alx James
424,Ashton Kutcher
425,Berenice Bejo
426,Andy Samberg
427,Andy Serkis
428,Andy Murray
429,Anna Paquin
430,Audrey Hepburn
431,Anna Kendrick
432,Andrew Luck
433,Andy Serkis
434,Adrien Brody
435,Anthony Perkins
436,Art Carney
437,Bill Pullman
438,Anderson Cooper
439,Ben Kingsley
440,Adele
441,Alice Eve
442,Alexis Thorpe
443,Alice Eve
444,Benicio Del Toro
445,Andrew Garfield
446,Amy Schumer
447,Adele
448,Alessandra Ambrosio
449,Amy Ryan
450,Angela Bassett
451,Benicio Del Toro
452,Barbra Streisand
453,Alicia Vikander
454,Alessandra Ambrosio
455,Audrey Hepburn
456,Alexis Thorpe
457,Adriana Lima
458,Alex Pettyfer
459,Ben Kingsley
460,AnnaSophia Robb
461,Andie MacDowell
462,Anthony Perkins
463,Antonio Banderas
464,Amanda Crew
465,Andy Garcia
466,Aaron Judge
467,Angelina Jolie
468,Amanda Seyfried
469,Ben Affleck
470,Antonio Banderas
471,Ben Stiller
472,Beyonce Knowles
473,Aaron Taylor-Johnson
474,Adrianne Palicki
475,Adele
476,bella thorne
477,Alan Alda
478,Antonio Banderas
479,Alexander Skarsgard
480,Alex Pettyfer
481,Andy Garcia
482,Anjelica Huston
483,Anna Paquin
484,Alan Alda
485,Abigail Breslin
486,Alan Rickman
487,Alice Eve
488,Ava Gardner
489,Alec Baldwin
490,Berenice Bejo
491,Ali Larter
492,Anthony Hopkins
493,Bella Hadid
494,Bill Daley
495,Bill Hader
496,Benicio Del Toro
497,Anna Faris
498,Alec Baldwin
499,Abigail Breslin
500,Alec Baldwin
501,Anderson Cooper
502,Andy Serkis
503,Bill Rancic
504,Anne Hathaway
505,Alan Arkin
506,Andrew Garfield
507,Ashley Judd
508,Benjamin Bratt
509,bella thorne
510,Antonio Banderas
511,Ashley Graham
512,Audrey Hepburn
513,Alan Arkin
514,Ava Gardner
515,Barry Pepper
516,Alessandra Ambrosio
517,Amanda Crew
518,Albert Finney
519,Ben Kingsley
520,Barabara Palvin
521,Amanda Seyfried
522,Adrien Brody
523,Anthony Perkins
524,Ben Kingsley
525,Anthony Hopkins
526,Alexander Skarsgard
527,Bill Murray
528,Albert Finney
529,Adam Sandler
530,Ashley Judd
531,Anjelica Huston
532,Barbra Streisand
533,Ashley Graham
534,Alec Baldwin
535,Alan Alda
536,Ben Foster
537,Anne Hathaway
538,Art Carney
539,Bernie Mac
540,Anthony Hopkins
541,Akemi Darenogare
542,Anderson Cooper
543,Adriana Barraza
544,Ben Kingsley
545,Anjelica Huston
546,Bill Hader
547,Angelina Jolie
548,Art Carney
549,Anna Faris
550,Bill Rancic
551,Adrianne Palicki
552,Andrew Lincoln
553,Andy Garcia
554,Alexander Skarsgard
555,Alan Rickman
556,Andy Garcia
557,Alexander Skarsgard
558,Aaron Taylor-Johnson
559,Bill Hader
560,Andy Garcia
561,Ben Stiller
562,Anthony Hopkins
563,Akemi Darenogare
564,Angelina Jolie
565,Alice Eve
566,Bill Murray
567,Anne Bancroft
568,Bella Hadid
569,Barry Pepper
570,Alex Pettyfer
571,Albert Finney
572,Alex Pettyfer
573,Angela Bassett
574,Bella Hadid
575,Andy Serkis
576,Amy Ryan
577,Anna Kendrick
578,Bill O Reilly
579,Bella Hadid
580,Bette Midler
581,Andy Samberg
582,Andreea Diaconu
583,Anne Hathaway
584,Anderson Cooper
585,Amber Heard
586,Ashley Graham
587,Amy Adams
588,Alan Rickman
589,Bill Daley
590,Al Roker
591,Aaron Taylor-Johnson
592,Aaron Judge
593,Ben Affleck
594,Ashton Kutcher
595,Benedict Cumberbatch
596,Anderson Cooper
597,bella thorne
598,Arnold Schwarzenegger
599,Ben Foster
600,Andy Samberg
601,Amy Ryan
602,Ava Gardner
603,Abigail Breslin
604,Aaron Judge
605,Bette Midler
606,Bill Daley
607,Amber Heard
608,Alessandra Ambrosio
609,Bill Rancic
610,Aaron Paul
611,Adele
612,Aaron Paul
613,Adele
614,Anthony Perkins
615,Amy Adams
616,Anjelica Huston
617,Berenice Bejo
618,Betty White
619,Art Carney
620,Alan Rickman
621,Amy Ryan
622,Andy Samberg
623,Bill Rancic
624,Albert Brooks
625,AnnaSophia Robb
626,Adrianne Palicki
627,Ben Foster
628,Ashton Kutcher
629,Antonio Banderas
630,Anne Bancroft
631,Bernie Mac
632,Anthony Mackie
633,Andrew Luck
634,Anne Hathaway
635,Adele
636,Alec Baldwin
637,Art Carney
638,Armin Mueller-Stahl
639,Abigail Breslin
640,Adrien Brody
641,Andrew Lincoln
642,Antonio Banderas
643,Andy Samberg
644,Al Pacino
645,Bill Paxton
646,Barabara Palvin
647,Andreea Diaconu
648,Adele
649,Ali Larter
650,Adrien Brody
651,Bill Pullman
652,Alice Eve
653,Amber Heard
654,Alexandra Daddario
655,Alexander Skarsgard
656,Beyonce Knowles
657,Antonio Banderas
658,Anthony Mackie
659,Akemi Darenogare
660,AnnaSophia Robb
661,Anna Paquin
662,Adriana Barraza
663,Audrey Tautou
664,Andrew Lincoln
665,Alexander Skarsgard
666,Amy Ryan
667,Anne Baxter
668,Alicia Vikander
669,Anna Friel
670,Anderson Cooper
671,Alexander Skarsgard
672,Anthony Mackie
673,Alice Eve
674,Amanda Bynes
675,Amanda Bynes
676,Al Pacino
677,Amanda Bynes
678,Bill Daley
679,Amy Ryan
680,Amy Schumer
681,Bill Paxton
682,Ali Larter
683,Barbra Streisand
684,Ben Johnson
685,Ben Stiller
686,Bill Murray
687,Ali Larter
688,Barbra Streisand
689,Angelina Jolie
690,Bette Midler
691,Bill Hader
692,Alan Arkin
693,Andy Samberg
694,Alec Baldwin
695,Anna Faris
696,Bella Hadid
697,Andrew Garfield
698,Bill Murray
699,AnnaSophia Robb
700,Barbra Streisand
701,Anna Sui
702,Berenice Bejo
703,Audrey Tautou
704,Bill Paxton
705,Amber Heard
706,Armin Mueller-Stahl
707,Anderson Cooper
708,Armin Mueller-Stahl
709,Alx James
710,Bill Pullman
711,Alexis Thorpe
712,Bill Pullman
713,Audrey Hepburn
714,Bill Murray
715,Alan Alda
716,Barbra Streisand
717,Anne Bancroft
718,Anthony Hopkins
719,Adrien Brody
720,Billy Bob Thornton
721,Beyonce Knowles
722,Andy Serkis
723,Barabara Palvin
724,Aaron Paul
725,Arnold Schwarzenegger
726,Anthony Hopkins
727,Amanda Crew
728,Adele
729,Benicio Del Toro
730,Ben Affleck
731,Adele
732,Ava Gardner
733,Akemi Darenogare
734,Andrew Garfield
735,Alx James
736,Alexander Skarsgard
737,Benedict Cumberbatch
738,Anderson Cooper
739,Angelina Jolie
740,Bernie Mac
741,Albert Finney
742,Barry Pepper
743,Amy Ryan
744,Alicia Vikander
745,Antonio Banderas
746,Andy Garcia
747,Anna Faris
748,Akemi Darenogare
749,Bella Hadid
750,Akemi Darenogare
751,Anna Sui
752,Abigail Breslin
753,Andy Murray
754,Ben Foster
755,Ben Foster
756,Barry Pepper
757,Andy Murray
758,Ben Affleck
759,Antonio Banderas
760,Adrianne Palicki
761,Ben Johnson
762,Andy Serkis
763,Amber Heard
764,Anna Friel
765,Angelina Jolie
766,Amanda Bynes
767,Art Carney
768,Beyonce Knowles
769,Andrew Garfield
770,Adele
771,Ashley Greene
772,Adriana Lima
773,Amy Ryan
774,Anna Friel
775,Annette Bening
776,Alex Pettyfer
777,Alessandra Ambrosio
778,Alan Arkin
779,Anna Sui
780,Andreea Diaconu
781,Andy Serkis
782,Albert Finney
783,Anthony Perkins
784,Amanda Peet
785,Angela Bassett
786,AnnaSophia Robb
787,Abigail Breslin
788,Andrew Luck
789,Alice Eve
790,Art Carney
791,Armin Mueller-Stahl
792,Audrey Hepburn
793,Andie MacDowell
794,Al Pacino
795,Barabara Palvin
796,Amy Ryan
797,Ava Gardner
798,Ava Gardner
799,Anne Baxter
800,Anna Kendrick
801,Anjelica Huston
802,Analeigh Tipton
803,Armin Mueller-Stahl
804,Ava Gardner
805,Amanda Peet
806,Angela Bassett
807,Alan Arkin
808,Bella Hadid
809,Berenice Bejo
810,Adrianne Palicki
811,Anna Paquin
812,Benjamin Bratt
813,Ben Affleck
814,Audrey Tautou
815,Bette Midler
816,Andrew Lincoln
817,Barbra Streisand
818,Bill Murray
819,AnnaSophia Robb
820,Antonio Banderas
821,Amy Ryan
822,Anna Friel
823,Andrew Lincoln
824,Adrien Brody
825,Amanda Bynes
826,Audrey Hepburn
827,Bella Hadid
828,Bette Midler
829,Alx James
830,Andreea Diaconu
831,Alex Pettyfer
832,Audrey Hepburn
833,Betty White
834,Adriana Barraza
835,Andy Murray
836,Alex Pettyfer
837,Abigail Breslin
838,Anna Faris
839,Benjamin Bratt
840,Betty White
841,Alessandra Ambrosio
842,Ben Johnson
843,Barbra Streisand
844,Andy Garcia
845,bella thorne
846,Akemi Darenogare
847,Barbra Streisand
848,Aaron Paul
849,Akemi Darenogare
850,Benicio Del Toro
851,Adriana Lima
852,Alicia Vikander
853,Barabara Palvin
854,Andrew Garfield
855,Amber Heard
856,Anjelica Huston
857,Anna Faris
858,Amanda Bynes
859,Alice Eve
860,Anne Baxter
861,Alex Pettyfer
862,Abigail Breslin
863,Benedict Cumberbatch
864,Amy Schumer
865,Bill Paxton
866,Amy Adams
867,Bill Murray
868,Bill Hader
869,Bill Murray
870,Adele
871,Ashley Judd
872,Albert Finney
873,Benicio Del Toro
874,Barry Pepper
875,Annette Bening
876,Andrew Lincoln
877,Angelina Jolie
878,Bill O Reilly
879,Berenice Bejo
880,Anne Bancroft
881,Adriana Barraza
882,Bill Daley
883,Alan Alda
884,AnnaSophia Robb
885,Adrien Brody
886,Anna Kendrick
887,Annette Bening
888,Betty White
889,Ben Affleck
890,Alessandra Ambrosio
891,Ava Gardner
892,Ashley Greene
893,Barry Pepper
894,Berenice Bejo
895,Arnold Schwarzenegger
896,Amy Adams
897,Amy Adams
898,Ava Gardner
899,Ashley Graham
900,Abigail Breslin
901,Barry Pepper
902,Annette Bening
903,Bernie Mac
904,Bill Pullman
905,Anna Kendrick
906,Amber Heard
907,Ava Gardner
908,Alx James
909,Adam Sandler
910,Aaron Taylor-Johnson
911,Andy Samberg
912,Anthony Hopkins
913,Armin Mueller-Stahl
914,Amy Adams
915,bella thorne
916,Andy Murray
917,Ashley Judd
918,Alan Rickman
919,Amy Adams
920,Benicio Del Toro
921,Andy Garcia
922,Anne Baxter
923,Andy Murray
924,Art Carney
925,Alexis Thorpe
926,Anjelica Huston
927,Amanda Crew
928,Benjamin Bratt
929,Alan Arkin
930,Bella Hadid
931,Amy Schumer
932,Angela Bassett
933,Aaron Judge
934,Anne Hathaway
935,Andie MacDowell
936,Ben Affleck
937,Amanda Bynes
938,Amanda Peet
939,Anthony Hopkins
940,Barabara Palvin
941,Adrianne Palicki
942,Berenice Bejo
943,Benedict Cumberbatch
944,Ben Kingsley
945,Ben Foster
946,Ashley Judd
947,Armin Mueller-Stahl
948,Betty White
949,Adriana Barraza
950,Anthony Perkins
951,Alexander Skarsgard
952,Bill Murray
953,Al Pacino
954,Andy Samberg
955,Anthony Perkins
956,Akemi Darenogare
957,Art Carney
958,bella thorne
959,Ashley Greene
960,Amy Ryan
961,Aaron Paul
962,Barabara Palvin
963,Andie MacDowell
964,Antonio Banderas
965,Ashley Judd
966,Amanda Seyfried
967,Albert Finney
968,Alx James
969,Alex Pettyfer
970,Amy Schumer
971,Al Pacino
972,Annette Bening
973,Anne Baxter
974,Adriana Barraza
975,Ben Stiller
976,Ben Affleck
977,Audrey Tautou
978,Amy Adams
979,Anna Friel
980,Anthony Hopkins
981,Alan Alda
982,Andrew Luck
983,Anna Friel
984,Ben Foster
985,Analeigh Tipton
986,Alx James
987,Anthony Mackie
988,Anne Bancroft
989,Al Pacino
990,Abigail Breslin
991,Anne Bancroft
992,Andrew Garfield
993,Alexis Thorpe
994,Amy Schumer
995,Andy Murray
996,Amy Schumer
997,Alx James
998,Albert Brooks
999,Anne Baxter
1000,Anne Hathaway
1001,Benjamin Bratt
1002,Annette Bening
1003,Benjamin Bratt
1004,Barbra Streisand
1005,Amanda Crew
1006,Anna Faris
1007,Amy Schumer
1008,Benedict Cumberbatch
1009,Alan Alda
1010,Anthony Hopkins
1011,Alessandra Ambrosio
1012,Adrianne Palicki
1013,Ben Johnson
1014,Berenice Bejo
1015,Berenice Bejo
1016,Beyonce Knowles
1017,Barry Pepper
1018,Bella Hadid
1019,Alicia Vikander
1020,Anthony Hopkins
1021,Benicio Del Toro
1022,Anderson Cooper
1023,Anthony Mackie
1024,Alicia Vikander
1025,Alx James
1026,Aaron Judge
1027,Andrew Garfield
1028,Betty White
1029,Anderson Cooper
1030,Abigail Breslin
1031,Bernie Mac
1032,Bill Murray
1033,Alice Eve
1034,Audrey Hepburn
1035,Annette Bening
1036,Audrey Tautou
1037,Aaron Taylor-Johnson
1038,Al Pacino
1039,Beyonce Knowles
1040,Andy Samberg
1041,Ali Larter
1042,Ben Kingsley
1043,Andie MacDowell
1044,Bill Hader
1045,bella thorne
1046,Akemi Darenogare
1047,Anne Hathaway
1048,Bette Midler
1049,Aaron Taylor-Johnson
1050,Adriana Lima
1051,Angelina Jolie
1052,Amanda Seyfried
1053,Ashley Greene
1054,Alx James
1055,Armin Mueller-Stahl
1056,Ben Stiller
1057,Ashton Kutcher
1058,Bill Daley
1059,Abigail Breslin
1060,Aaron Paul
1061,Adele
1062,Akemi Darenogare
1063,Benjamin Bratt
1064,Akemi Darenogare
1065,Benedict Cumberbatch
1066,Al Pacino
1067,Bette Midler
1068,Anna Faris
1069,Anne Bancroft
1070,Ava Gardner
1071,Analeigh Tipton
1072,Arnold Schwarzenegger
1073,Ben Stiller
1074,Aaron Taylor-Johnson
1075,Anne Baxter
1076,Alice Eve
1077,Alessandra Ambrosio
1078,Alexandra Daddario
1079,Analeigh Tipton
1080,Alexandra Daddario
1081,Ashley Graham
1082,Audrey Hepburn
1083,Bill Murray
1084,Ashley Judd
1085,Adrianne Palicki
1086,Alicia Vikander
1087,Amanda Peet
1088,Ashley Greene
1089,Bill Daley
1090,Andy Serkis
1091,Ben Foster
1092,Barbra Streisand
1093,Adrianne Palicki
1094,Barabara Palvin
1095,Anthony Perkins
1096,Amy Schumer
1097,Audrey Hepburn
1098,Anne Bancroft
1099,Adrien Brody
1100,Billy Bob Thornton
1101,Andy Garcia
1102,Billy Bob Thornton
1103,Alec Baldwin
1104,Bill Pullman
1105,Armin Mueller-Stahl
1106,Anne Hathaway
1107,Ashton Kutcher
1108,Andy Samberg
1109,Aaron Taylor-Johnson
1110,Akemi Darenogare
1111,Benicio Del Toro
1112,Antonio Banderas
1113,Bill Murray
1114,Anna Paquin
1115,Alx James
1116,Anne Baxter
1117,Aaron Judge
1118,Bette Midler
1119,Angelina Jolie
1120,Anne Baxter
1121,Anne Baxter
1122,Amanda Peet
1123,Andy Murray
1124,Barry Pepper
1125,Amanda Seyfried
1126,Anne Baxter
1127,Aaron Judge
1128,Al Roker
1129,Anna Paquin
1130,Benedict Cumberbatch
1131,Andy Garcia
1132,Andy Serkis
1133,Barabara Palvin
1134,Anne Hathaway
1135,Adele
1136,Ben Stiller
1137,Berenice Bejo
1138,Ben Foster
1139,Bill Murray
1140,Benedict Cumberbatch
1141,Alexander Skarsgard
1142,Andy Serkis
1143,Analeigh Tipton
1144,Billy Bob Thornton
1145,Ashley Greene
1146,Ashley Greene
1147,Alexis Thorpe
1148,Al Roker
1149,Arnold Schwarzenegger
1150,Bella Hadid
1151,Barabara Palvin
1152,Barabara Palvin
1153,Barabara Palvin
1154,Barry Pepper
1155,Alan Rickman
1156,Antonio Banderas
1157,Adrien Brody
1158,Anne Hathaway
1159,Annette Bening
1160,Anna Sui
1161,Armin Mueller-Stahl
1162,Bernie Mac
1163,Anna Faris
1164,Amber Heard
1165,Adriana Barraza
1166,Bette Midler
1167,Amy Adams
1168,Amy Ryan
1169,Anna Sui
1170,Aaron Taylor-Johnson
1171,Ben Kingsley
1172,Anne Baxter
1173,Albert Brooks
1174,Aaron Taylor-Johnson
1175,Anne Hathaway
1176,Ben Stiller
1177,Bill Daley
1178,Benicio Del Toro
1179,Ben Stiller
1180,Adrien Brody
1181,Alan Arkin
1182,Al Roker
1183,Ben Kingsley
1184,Beyonce Knowles
1185,Audrey Hepburn
1186,Bill Pullman
1187,Anne Hathaway
1188,Amanda Peet
1189,Ashton Kutcher
1190,Aaron Judge
1191,Billy Bob Thornton
1192,Billy Bob Thornton
1193,Andy Samberg
1194,Amber Heard
1195,Anna Faris
1196,Amber Heard
1197,Berenice Bejo
1198,Ali Larter
1199,Albert Brooks
1200,Amber Heard
1201,Anna Paquin
1202,Amy Ryan
1203,Anthony Perkins
1204,Barbra Streisand
1205,Ben Affleck
1206,Alexandra Daddario
1207,Bill Pullman
1208,Audrey Hepburn
1209,Amy Ryan
1210,Anna Sui
1211,Anthony Perkins
1212,Ben Foster
1213,Aaron Paul
1214,Alx James
1215,Anna Paquin
1216,Adam Sandler
1217,Amy Schumer
1218,Ava Gardner
1219,Amber Heard
1220,Bill Rancic
1221,Art Carney
1222,Andy Serkis
1223,Anna Friel
1224,Bette Midler
1225,Bette Midler
1226,Adam Sandler
1227,Barbra Streisand
1228,Anthony Perkins
1229,Barry Pepper
1230,Bill Rancic
1231,Bill Murray
1232,Ashley Graham
1233,Anne Baxter
1234,Bill O Reilly
1235,Ben Stiller
1236,Alex Pettyfer
1237,Amanda Crew
1238,Annette Bening
1239,Annette Bening
1240,Bill O Reilly
1241,Benicio Del Toro
1242,Audrey Tautou
1243,Alx James
1244,Arnold Schwarzenegger
1245,Bill Hader
1246,Alexis Thorpe
1247,Benedict Cumberbatch
1248,Anjelica Huston
1249,Audrey Tautou
1250,Al Pacino
1251,Audrey Tautou
1252,Anna Sui
1253,Andy Samberg
1254,Amanda Peet
1255,Alex Pettyfer
1256,Bernie Mac
1257,Adele
1258,Bill Hader
1259,Angela Bassett
1260,Bernie Mac
1261,Andy Garcia
1262,Barry Pepper
1263,Amanda Seyfried
1264,Anthony Mackie
1265,Anna Sui
1266,Alessandra Ambrosio
1267,Berenice Bejo
1268,Andreea Diaconu
1269,Aaron Judge
1270,Alex Pettyfer
1271,Andy Garcia
1272,Art Carney
1273,Arnold Schwarzenegger
1274,Ben Kingsley
1275,Bette Midler
1276,Bette Midler
1277,bella thorne
1278,Betty White
1279,Anthony Hopkins
1280,Adriana Barraza
1281,Amanda Crew
1282,Analeigh Tipton
1283,Akemi Darenogare
1284,Ashley Graham
1285,Alx James
1286,Amy Adams
1287,Berenice Bejo
1288,Benedict Cumberbatch
1289,Anthony Perkins
1290,Alan Arkin
1291,Billy Bob Thornton
1292,Arnold Schwarzenegger
1293,Ben Stiller
1294,Alexander Skarsgard
1295,Andrew Garfield
1296,Ashley Graham
1297,Art Carney
1298,Benedict Cumberbatch
1299,Ben Foster
1300,Alan Rickman
1301,Benedict Cumberbatch
1302,Bernie Mac
1303,Anthony Perkins
1304,Anne Baxter
1305,Audrey Hepburn
1306,Barry Pepper
1307,Andy Samberg
1308,Audrey Hepburn
1309,Barabara Palvin
1310,Amber Heard
1311,Bill Hader
1312,Ben Johnson
1313,Andy Garcia
1314,Ben Foster
1315,Beyonce Knowles
1316,Barbra Streisand
1317,Bernie Mac
1318,Audrey Hepburn
1319,Audrey Tautou
1320,Arnold Schwarzenegger
1321,Albert Finney
1322,Barbra Streisand
1323,Bill Murray
1324,Andrew Garfield
1325,Ashley Graham
1326,Bill Murray
1327,bella thorne
1328,Alan Alda
1329,Benjamin Bratt
1330,AnnaSophia Robb
1331,Anne Hathaway
1332,Barry Pepper
1333,Anthony Perkins
1334,Ben Foster
1335,Alan Arkin
1336,Bill Murray
1337,Abigail Breslin
1338,Bill Murray
1339,Anna Friel
1340,Anthony Perkins
1341,Alexandra Daddario
1342,Berenice Bejo
1343,Abigail Breslin
1344,Anna Kendrick
1345,Andy Serkis
1346,Amber Heard
1347,Andy Garcia
1348,Billy Bob Thornton
1349,Amber Heard
1350,Ashley Greene
1351,Ava Gardner
1352,Adriana Barraza
1353,Benicio Del Toro
1354,Alexander Skarsgard
1355,Anthony Perkins
1356,Bill Murray
1357,Anderson Cooper
1358,Anna Paquin
1359,Ashley Graham
1360,Alessandra Ambrosio
1361,Alexander Skarsgard
1362,Bella Hadid
1363,Adrien Brody
1364,Al Roker
1365,Abigail Breslin
1366,Annette Bening
1367,Angelina Jolie
1368,Audrey Tautou
1369,Adriana Barraza
1370,Anna Kendrick
1371,Alessandra Ambrosio
1372,Adele
1373,Annette Bening
1374,Aaron Judge
1375,Anna Kendrick
1376,Aaron Judge
1377,Albert Brooks
1378,Andrew Luck
1379,Anne Baxter
1380,bella thorne
1381,Aaron Judge
1382,Betty White
1383,Anne Hathaway
1384,Amber Heard
1385,Barabara Palvin
1386,Art Carney
1387,Andie MacDowell
1388,Adele
1389,Ashton Kutcher
1390,Anthony Hopkins
1391,Adrien Brody
1392,Anthony Hopkins
1393,Bill Paxton
1394,Abigail Breslin
1395,Alx James
1396,Andy Murray
1397,Anna Sui
1398,Bill Rancic
1399,Amy Ryan
1400,Betty White
1401,Ashley Graham
1402,Bill Murray
1403,Albert Brooks
1404,Alice Eve
1405,Amanda Bynes
1406,Andrew Luck
1407,Bill Hader
1408,Adele
1409,Bernie Mac
1410,Benjamin Bratt
1411,Bill Pullman
1412,Adele
1413,Anthony Hopkins
1414,Angela Bassett
1415,Adrianne Palicki
1416,Anthony Perkins
1417,Bella Hadid
1418,Adrien Brody
1419,Albert Finney
1420,Adam Sandler
1421,Andrew Garfield
1422,Anne Baxter
1423,Ben Stiller
1424,Andrew Garfield
1425,Bill Paxton
1426,Andy Samberg
1427,Adele
1428,Amanda Peet
1429,Arnold Schwarzenegger
1430,Alicia Vikander
1431,Andrew Lincoln
1432,Anna Friel
1433,Armin Mueller-Stahl
1434,Andy Samberg
1435,Andy Garcia
1436,Benjamin Bratt
1437,Adriana Lima
1438,Andrew Garfield
1439,Bill Hader
1440,Adriana Barraza
1441,Albert Brooks
1442,Benicio Del Toro
1443,Ben Stiller
1444,Bill Pullman
1445,Andy Murray
1446,Ben Affleck
1447,Adriana Lima
1448,Benedict Cumberbatch
1449,Ben Stiller
1450,Amy Schumer
1451,Beyonce Knowles
1452,Andreea Diaconu
1453,Albert Brooks
1454,Andy Serkis
1455,Alex Pettyfer
1456,Alexis Thorpe
1457,Anne Baxter
1458,Ben Kingsley
1459,Bernie Mac
1460,Aaron Paul
1461,Anthony Hopkins
1462,Alexis Thorpe
1463,Ali Larter
1464,Benedict Cumberbatch
1465,Al Roker
1466,Al Pacino
1467,Alexis Thorpe
1468,Aaron Taylor-Johnson
1469,Armin Mueller-Stahl
1470,Amanda Crew
1471,Amy Ryan
1472,Ben Kingsley
1473,Ben Affleck
1474,Abigail Breslin
1475,Alexander Skarsgard
1476,Billy Bob Thornton
1477,Anna Friel
1478,Bella Hadid
1479,Alice Eve
1480,Anna Sui
1481,Andreea Diaconu
1482,Abigail Breslin
1483,Bernie Mac
1484,Ashley Graham
1485,Al Pacino
1486,Alx James
1487,Anthony Hopkins
1488,Beyonce Knowles
1489,Betty White
1490,Andrew Lincoln
1491,Benedict Cumberbatch
1492,Ava Gardner
1493,Adrianne Palicki
1494,Adrianne Palicki
1495,Amy Ryan
1496,Adrien Brody
1497,Angela Bassett
1498,Alexandra Daddario
1499,Bill Daley
1500,Bernie Mac
1501,Adele
1502,Armin Mueller-Stahl
1503,Anne Bancroft
1504,Ben Stiller
1505,Bernie Mac
1506,Alx James
1507,Andy Serkis
1508,Ava Gardner
1509,Bella Hadid
1510,Amber Heard
1511,Albert Finney
1512,Aaron Judge
1513,Alicia Vikander
1514,Ashley Judd
1515,Andreea Diaconu
1516,Andrew Luck
1517,Adrien Brody
1518,Audrey Hepburn
1519,Bill Hader
1520,Bill Paxton
1521,Bill Hader
1522,Bella Hadid
1523,Alexis Thorpe
1524,Aaron Taylor-Johnson
1525,Aaron Judge
1526,Bill Murray
1527,Alan Arkin
1528,Ben Kingsley
1529,Audrey Hepburn
1530,Ashley Graham
1531,Amanda Peet
1532,Adrianne Palicki
1533,Andreea Diaconu
1534,Alx James
1535,Ashley Judd
1536,Analeigh Tipton
1537,Alex Pettyfer
1538,Ashton Kutcher
1539,Anne Hathaway
1540,Alan Alda
1541,Alice Eve
1542,Andrew Luck
1543,Ben Stiller
1544,Audrey Tautou
1545,Aaron Paul
1546,Alexander Skarsgard
1547,Barbra Streisand
1548,Berenice Bejo
1549,Amber Heard
1550,Alexander Skarsgard
1551,Alexander Skarsgard
1552,Ben Stiller
1553,Benjamin Bratt
1554,Ashton Kutcher
1555,Alex Pettyfer
1556,Ben Kingsley
1557,Angela Bassett
1558,Amanda Seyfried
1559,Anthony Perkins
1560,Alice Eve
1561,Andy Murray
1562,Ashley Graham
1563,Ben Foster
1564,Armin Mueller-Stahl
1565,Ashley Judd
1566,Ashley Graham
1567,Andy Serkis
1568,Amanda Crew
1569,Audrey Tautou
1570,Anna Paquin
1571,Al Pacino
1572,Amy Ryan
1573,Albert Brooks
1574,Andrew Lincoln
1575,Aaron Judge
1576,Amy Ryan
1577,Ben Stiller
1578,Akemi Darenogare
1579,Ben Stiller
1580,Adrien Brody
1581,Alan Rickman
1582,Bill Pullman
1583,Amanda Seyfried
1584,Alan Rickman
1585,Ali Larter
1586,Bill Hader
1587,Aaron Taylor-Johnson
1588,Adam Sandler
1589,Barabara Palvin
1590,Adele
1591,Audrey Hepburn
1592,Amy Adams
1593,Ava Gardner
1594,Alan Rickman
1595,Ben Foster
1596,Albert Finney
1597,Alan Arkin
1598,Ben Affleck
1599,Benedict Cumberbatch
1600,Anthony Mackie
1601,Billy Bob Thornton
1602,Amy Ryan
1603,Ben Johnson
1604,Anna Kendrick
1605,Andrew Lincoln
1606,Akemi Darenogare
1607,Bill Pullman
1608,Adriana Lima
1609,Audrey Hepburn
1610,Anderson Cooper
1611,Amy Ryan
1612,Anthony Hopkins
1613,Ben Kingsley
1614,Anna Paquin
1615,Bella Hadid
1616,Anne Hathaway
1617,Andrew Garfield
1618,Alexander Skarsgard
1619,Alexis Thorpe
1620,Angela Bassett
1621,Adam Sandler
1622,Audrey Hepburn
1623,Anjelica Huston
1624,Billy Bob Thornton
1625,Alex Pettyfer
1626,Bill Daley
1627,Adrien Brody
1628,Alicia Vikander
1629,Barabara Palvin
1630,Adam Sandler
1631,Antonio Banderas
1632,Amber Heard
1633,Andrew Lincoln
1634,Alice Eve
1635,Alan Rickman
1636,Alx James
1637,Amanda Crew
1638,Andy Garcia
1639,Alan Rickman
1640,Anderson Cooper
1641,Amanda Bynes
1642,Bella Hadid
1643,Amanda Seyfried
1644,Ava Gardner
1645,Albert Brooks
1646,Anthony Hopkins
1647,Angela Bassett
1648,Bill Daley
1649,Ashley Graham
1650,Anna Paquin
1651,Adriana Barraza
1652,Anne Baxter
1653,Akemi Darenogare
1654,Andy Murray
1655,Barbra Streisand
1656,Andy Garcia
1657,Bill Hader
1658,Anna Sui
1659,Benicio Del Toro
1660,Andrew Lincoln
1661,Amanda Peet
1662,Anjelica Huston
1663,Ali Larter
1664,Andrew Lincoln
1665,Andy Samberg
1666,Ben Foster
1667,Bill Daley
1668,Amanda Peet
1669,Anthony Perkins
1670,Alan Rickman
1671,Beyonce Knowles
1672,Adrien Brody
1673,Andy Garcia
1674,Berenice Bejo
1675,Barabara Palvin
1676,Andrew Lincoln
1677,Anna Kendrick
1678,Al Pacino
1679,Anna Kendrick
1680,Ben Stiller
1681,Alexander Skarsgard
1682,Akemi Darenogare
1683,Bill O Reilly
1684,Berenice Bejo
1685,Bill O Reilly
1686,Beyonce Knowles
1687,Bella Hadid
1688,Aaron Taylor-Johnson
1689,Ben Stiller
1690,Aaron Taylor-Johnson
1691,Barry Pepper
1692,Anthony Mackie
1693,Andrew Lincoln
1694,Angela Bassett
1695,Albert Finney
1696,Anthony Hopkins
1697,Adele
1698,Aaron Paul
1699,Analeigh Tipton
1700,Aaron Taylor-Johnson
1701,Billy Bob Thornton
1702,Aaron Paul
1703,Andrew Garfield
1704,Alexandra Daddario
1705,Aaron Taylor-Johnson
1706,Andy Samberg
1707,Adele
1708,Akemi Darenogare
1709,Annette Bening
1710,Amber Heard
1711,Andie MacDowell
1712,Bill O Reilly
1713,Barry Pepper
1714,Al Pacino
1715,Adam Sandler
1716,Andrew Lincoln
1717,Bella Hadid
1718,Adam Sandler
1719,Adele
1720,Bill Pullman
1721,Andreea Diaconu
1722,Audrey Tautou
1723,Anna Paquin
1724,Bill Hader
1725,Alicia Vikander
1726,Bella Hadid
1727,Alex Pettyfer
1728,Alx James
1729,Benjamin Bratt
1730,Abigail Breslin
1731,Alessandra Ambrosio
1732,Beyonce Knowles
1733,Antonio Banderas
1734,Ben Foster
1735,Armin Mueller-Stahl
1736,Andy Murray
1737,Angela Bassett
1738,Anderson Cooper
1739,Beyonce Knowles
1740,Ben Kingsley
1741,Andrew Luck
1742,Ben Foster
1743,Aaron Taylor-Johnson
1744,Amanda Bynes
1745,Abigail Breslin
1746,Ashley Judd
1747,Barbra Streisand
1748,Bernie Mac
1749,Anna Sui
1750,Ashton Kutcher
1751,Audrey Hepburn
1752,Andrew Lincoln
1753,Amber Heard
1754,Al Roker
1755,Anna Sui
1756,Aaron Paul
1757,Alexandra Daddario
1758,Barabara Palvin
1759,Ashley Graham
1760,Amanda Peet
1761,Aaron Judge
1762,AnnaSophia Robb
1763,Albert Finney
1764,bella thorne
1765,Analeigh Tipton
1766,Ben Kingsley
1767,Al Pacino
1768,bella thorne
1769,Bill Paxton
1770,Armin Mueller-Stahl
1771,Angela Bassett
1772,Aaron Taylor-Johnson
1773,Alan Alda
1774,Betty White
1775,Billy Bob Thornton
1776,Aaron Taylor-Johnson
1777,Al Pacino
1778,Aaron Paul
1779,Audrey Hepburn
1780,Anderson Cooper
1781,Billy Bob Thornton
1782,Alx James
1783,bella thorne
1784,Adrianne Palicki
1785,Andy Murray
1786,Anna Paquin
1787,Ben Foster
1788,Ashley Graham
1789,Alex Pettyfer
1790,Alexis Thorpe
1791,Andrew Luck
1792,Bill Rancic
1793,Beyonce Knowles
1794,Bernie Mac
1795,Alexander Skarsgard
1796,Ben Foster
1797,Andrew Lincoln
1798,Amanda Peet
1799,Anna Sui
1800,Bill Paxton
1801,Amber Heard
1802,Alicia Vikander
1803,Benjamin Bratt
1804,Alex Pettyfer
1805,Anthony Mackie
1806,Amanda Peet
1807,Benjamin Bratt
1808,Anna Sui
1809,Barry Pepper
1810,Art Carney
1811,Amy Adams
1812,Barry Pepper
1813,Audrey Tautou
1814,Alexander Skarsgard
1815,Ashley Graham
1816,Amanda Seyfried
1817,Albert Brooks
1818,Billy Bob Thornton
1819,Bella Hadid
1820,Ali Larter
1821,Billy Bob Thornton
1822,Andrew Luck
1823,bella thorne
1824,Bette Midler
1825,bella thorne
1826,Andrew Garfield
1827,Amy Ryan
1828,Bernie Mac
1829,Anthony Hopkins
1830,Anna Paquin
1831,Billy Bob Thornton
1832,Benedict Cumberbatch
1833,Bill Murray
1834,Anthony Mackie
1835,Ben Kingsley
1836,Angela Bassett
1837,Ben Foster
1838,Andy Samberg
1839,Akemi Darenogare
1840,Bella Hadid
1841,Anthony Perkins
1842,Billy Bob Thornton
1843,Amy Schumer
1844,Adrien Brody
1845,Bill O Reilly
1846,Andie MacDowell
1847,Billy Bob Thornton
1848,Art Carney
1849,Alexander Skarsgard
1850,Alexandra Daddario
1851,Andy Samberg
1852,Bill Paxton
1853,Andy Garcia
1854,Bill Paxton
1855,Ashton Kutcher
1856,Akemi Darenogare
1857,Adriana Lima
1858,Ben Johnson
1859,Armin Mueller-Stahl
1860,Anthony Mackie
1861,Barabara Palvin
1862,Benjamin Bratt
1863,Anjelica Huston
1864,Anthony Hopkins
1865,Benicio Del Toro
1866,Analeigh Tipton
1867,Art Carney
1868,Andrew Garfield
1869,Ben Johnson
1870,Barbra Streisand
1871,Anthony Mackie
1872,Bill Daley
1873,Anthony Perkins
1874,Anne Hathaway
1875,Alex Pettyfer
1876,Alexander Skarsgard
1877,bella thorne
1878,Alexander Skarsgard
1879,Bernie Mac
1880,Alan Arkin
1881,Amy Ryan
1882,Andy Serkis
1883,Adrien Brody
1884,Adrien Brody
1885,Adele
1886,Anna Kendrick
1887,Alx James
1888,Anna Friel
1889,Adriana Barraza
1890,Bill Murray
1891,Andie MacDowell
1892,Ben Kingsley
1893,Albert Brooks
1894,Amanda Seyfried
1895,Adele
1896,Alexander Skarsgard
1897,Akemi Darenogare
1898,Ashley Judd
1899,Alexandra Daddario
1900,Alex Pettyfer
1901,Audrey Hepburn
1902,Benedict Cumberbatch
1903,Amanda Seyfried
1904,Bill Hader
1905,Ashton Kutcher
1906,Adele
1907,Anne Bancroft
1908,Andy Murray
1909,Amy Ryan
1910,Adam Sandler
1911,Anjelica Huston
1912,Benedict Cumberbatch
1913,Alan Rickman
1914,Adriana Barraza
1915,Anne Hathaway
1916,Arnold Schwarzenegger
1917,Adriana Lima
1918,Amy Ryan
1919,Barabara Palvin
1920,Amber Heard
1921,Bill Murray
1922,Andrew Luck
1923,AnnaSophia Robb
1924,Alan Rickman
1925,Alan Rickman
1926,Ben Kingsley
1927,Anna Paquin
1928,Aaron Paul
1929,Ben Foster
1930,Anna Friel
1931,Barabara Palvin
1932,bella thorne
1933,Alexis Thorpe
1934,Betty White
1935,Anna Kendrick
1936,Bill Daley
1937,Anne Hathaway
1938,Ben Foster
1939,Anna Paquin
1940,Anna Friel
1941,Armin Mueller-Stahl
1942,Benicio Del Toro
1943,Amy Ryan
1944,Beyonce Knowles
1945,Amber Heard
1946,Andrew Lincoln
1947,Aaron Paul
1948,Bill Pullman
1949,Andie MacDowell
1950,Bill O Reilly
1951,Alan Alda
1952,Amy Schumer
1953,Adam Sandler
1954,Akemi Darenogare
1955,Bill Rancic
1956,Adam Sandler
1957,Amy Adams
1958,Betty White
1959,Abigail Breslin
1960,Anne Bancroft
1961,Anjelica Huston
1962,Audrey Tautou
1963,Alicia Vikander
1964,Anna Kendrick
1965,Anna Friel
1966,Ali Larter
1967,Alx James
1968,Adrianne Palicki
1969,Analeigh Tipton
1970,Barbra Streisand
1971,Barabara Palvin
1972,Anjelica Huston
1973,Amy Schumer
1974,Berenice Bejo
1975,Aaron Judge
1976,Andy Samberg
1977,Adele
1978,Ben Kingsley
1979,Benedict Cumberbatch
1980,Angela Bassett
1981,Anjelica Huston
1982,Amanda Crew
1983,Andreea Diaconu
1984,Bill Murray
1985,Bette Midler
1986,Amanda Peet
1987,Adriana Lima
1988,Ashton Kutcher
1989,Barbra Streisand
1990,Andy Murray
1991,Anthony Perkins
1992,Anna Friel
1993,Audrey Tautou
1994,Amanda Bynes
1995,Anthony Hopkins
1996,Anderson Cooper
1997,Adam Sandler
1998,Anthony Hopkins
1999,Benedict Cumberbatch
2000,Andreea Diaconu
2001,Angela Bassett
2002,Antonio Banderas
2003,Ali Larter
2004,Antonio Banderas
2005,Ben Kingsley
2006,Alx James
2007,Anna Friel
2008,Anthony Hopkins
2009,Beyonce Knowles
2010,Amanda Peet
2011,Adriana Barraza
2012,Al Pacino
2013,Alx James
2014,Akemi Darenogare
2015,Adrien Brody
2016,Annette Bening
2017,Benjamin Bratt
2018,Alicia Vikander
2019,Alexander Skarsgard
2020,Alessandra Ambrosio
2021,Bill Murray
2022,Bette Midler
2023,Anne Bancroft
2024,Ali Larter
2025,Beyonce Knowles
2026,Anna Friel
2027,Audrey Hepburn
2028,Anjelica Huston
2029,Alexander Skarsgard
2030,Amanda Seyfried
2031,Anne Baxter
2032,Adrianne Palicki
2033,Annette Bening
2034,Al Pacino
2035,Bill Pullman
2036,Ben Stiller
2037,Ben Foster
2038,Bill Murray
2039,Billy Bob Thornton
2040,Amy Adams
2041,Bernie Mac
2042,Anna Friel
2043,Ben Johnson
2044,Anjelica Huston
2045,Amanda Peet
2046,Alexandra Daddario
2047,Audrey Tautou
2048,Adrien Brody
2049,Al Roker
2050,Armin Mueller-Stahl
2051,Analeigh Tipton
2052,Angela Bassett
2053,Ashley Graham
2054,Ben Foster
2055,Bill Daley
2056,Amber Heard
2057,Andrew Garfield
2058,Benjamin Bratt
2059,Alexis Thorpe
2060,bella thorne
2061,Amanda Crew
2062,Art Carney
2063,Bernie Mac
2064,Amy Ryan
2065,Alexander Skarsgard
2066,Aaron Judge
2067,Amy Schumer
2068,Anthony Perkins
2069,Anjelica Huston
2070,Andie MacDowell
2071,Bernie Mac
2072,Andie MacDowell
2073,Anna Paquin
2074,Angela Bassett
2075,Alessandra Ambrosio
2076,Adele
2077,Benicio Del Toro
2078,Anne Baxter
2079,Al Roker
2080,Alexis Thorpe
2081,Benedict Cumberbatch
2082,Angela Bassett
2083,Bill Murray
2084,Ben Foster
2085,Andy Garcia
2086,Alicia Vikander
2087,Andy Garcia
2088,Benedict Cumberbatch
2089,Alexander Skarsgard
2090,Anne Hathaway
2091,Aaron Judge
2092,Adam Sandler
2093,Andrew Garfield
2094,Alan Rickman
2095,Bill O Reilly
2096,Angela Bassett
2097,Bette Midler
2098,Antonio Banderas
2099,Anthony Perkins
2100,Anna Sui
2101,Ava Gardner
2102,Ashley Judd
2103,Bill Daley
2104,Ashley Graham
2105,Anna Kendrick
2106,Adrien Brody
2107,Alexander Skarsgard
2108,Barabara Palvin
2109,Audrey Tautou
2110,Aaron Paul
2111,Billy Bob Thornton
2112,Andrew Garfield
2113,Alec Baldwin
2114,Bill Murray
2115,Amy Adams
2116,Art Carney
2117,Adam Sandler
2118,Aaron Taylor-Johnson
2119,Alessandra Ambrosio
2120,Amber Heard
2121,Arnold Schwarzenegger
2122,Barabara Palvin
2123,Andy Murray
2124,Alexander Skarsgard
2125,Amanda Peet
2126,Aaron Judge
2127,Aaron Taylor-Johnson
2128,Anjelica Huston
2129,Alan Rickman
2130,Adrien Brody
2131,Angela Bassett
2132,Annette Bening
2133,Andrew Lincoln
2134,Audrey Hepburn
2135,Albert Finney
2136,Alan Arkin
2137,Ben Foster
2138,Bill Paxton
2139,Arnold Schwarzenegger
2140,Benedict Cumberbatch
2141,Bill Daley
2142,Andy Garcia
2143,Anna Friel
2144,Andy Garcia
2145,Alex Pettyfer
2146,Anna Kendrick
2147,Alec Baldwin
2148,Bernie Mac
2149,Anna Faris
2150,Alicia Vikander
2151,Arnold Schwarzenegger
2152,Adrien Brody
2153,Andy Serkis
2154,Adrianne Palicki
2155,Alexis Thorpe
2156,AnnaSophia Robb
2157,Benicio Del Toro
2158,Akemi Darenogare
2159,Bill Murray
2160,Anna Faris
2161,Amanda Crew
2162,Bette Midler
2163,Alan Rickman
2164,Andy Murray
2165,Adrianne Palicki
2166,Andreea Diaconu
2167,Analeigh Tipton
2168,Bill Hader
2169,Alec Baldwin
2170,Anna Paquin
2171,Anjelica Huston
2172,Anjelica Huston
2173,Albert Brooks
2174,Bette Midler
2175,Al Roker
2176,Analeigh Tipton
2177,Andrew Garfield
2178,Alexandra Daddario
2179,Benicio Del Toro
2180,Barry Pepper
2181,Barry Pepper
2182,Andy Garcia
2183,Barry Pepper
2184,Alx James
2185,Bill Rancic
2186,Alice Eve
2187,Benedict Cumberbatch
2188,Adele
2189,Anthony Hopkins
2190,Amber Heard
2191,Amanda Peet
2192,Antonio Banderas
2193,Annette Bening
2194,Alessandra Ambrosio
2195,Ben Kingsley
2196,bella thorne
2197,Anna Friel
2198,Alessandra Ambrosio
2199,Ava Gardner
2200,Amy Ryan
2201,Angelina Jolie
2202,Aaron Paul
2203,Angela Bassett
2204,Angelina Jolie
2205,Adrien Brody
2206,Ben Johnson
2207,Anna Kendrick
2208,Bella Hadid
2209,Alan Arkin
2210,Bill O Reilly
2211,Armin Mueller-Stahl
2212,Adriana Lima
2213,Adriana Barraza
2214,Ben Affleck
2215,Adrien Brody
2216,Anna Paquin
2217,Bernie Mac
2218,Amy Adams
2219,Amanda Bynes
2220,Alexander Skarsgard
2221,Adriana Barraza
2222,Bette Midler
2223,Adriana Barraza
2224,Ashton Kutcher
2225,Alx James
2226,Billy Bob Thornton
2227,Amy Schumer
2228,Andrew Lincoln
2229,Armin Mueller-Stahl
2230,Andrew Garfield
2231,Barabara Palvin
2232,Albert Finney
2233,Alexandra Daddario
2234,Alan Alda
2235,Adam Sandler
2236,Ava Gardner
2237,Aaron Taylor-Johnson
2238,Al Roker
2239,Alexis Thorpe
2240,Adriana Barraza
2241,Anna Paquin
2242,Adriana Barraza
2243,Bill Daley
2244,Benedict Cumberbatch
2245,Bette Midler
2246,Audrey Tautou
2247,Ben Affleck
2248,Andy Murray
2249,Alessandra Ambrosio
2250,Adriana Barraza
2251,Al Roker
2252,Anne Hathaway
2253,Ali Larter
2254,Bill Murray
2255,Benjamin Bratt
2256,Al Roker
2257,Andy Samberg
2258,Amanda Bynes
2259,Ashley Graham
2260,Amanda Peet
2261,Barry Pepper
2262,Alexis Thorpe
2263,Bill Daley
2264,Alexandra Daddario
2265,Audrey Hepburn
2266,Art Carney
2267,Ben Affleck
2268,Arnold Schwarzenegger
2269,Annette Bening
2270,Adrien Brody
2271,Analeigh Tipton
2272,Amy Adams
2273,Alan Rickman
2274,bella thorne
2275,Alexandra Daddario
2276,Andrew Garfield
2277,Bill Murray
2278,Anna Faris
2279,Albert Finney
2280,Alx James
2281,Bill Hader
2282,Adam Sandler
2283,Alex Pettyfer
2284,Andie MacDowell
2285,Anthony Hopkins
2286,Anjelica Huston
2287,Antonio Banderas
2288,Andrew Garfield
2289,Bill Daley
2290,Amanda Seyfried
2291,Amanda Bynes
2292,Adrien Brody
2293,Anjelica Huston
2294,Alexandra Daddario
2295,Benicio Del Toro
2296,Barry Pepper
2297,Amanda Seyfried
2298,Beyonce Knowles
2299,Adele
2300,Art Carney
2301,Alan Arkin
2302,Billy Bob Thornton
2303,Alexandra Daddario
2304,Ben Kingsley
2305,Alexandra Daddario
2306,Ashley Greene
2307,Andy Murray
2308,Alice Eve
2309,Angelina Jolie
2310,Ben Johnson
2311,Anthony Hopkins
2312,Adrien Brody
2313,Annette Bening
2314,Alexis Thorpe
2315,Alx James
2316,Anjelica Huston
2317,Abigail Breslin
2318,Bill Daley
2319,Amy Adams
2320,Anthony Mackie
2321,Adriana Barraza
2322,Anna Friel
2323,Bill Pullman
2324,Bill Murray
2325,Anderson Cooper
2326,Alex Pettyfer
2327,Anna Faris
2328,Adele
2329,Ben Affleck
2330,Betty White
2331,Alec Baldwin
2332,Alexandra Daddario
2333,Alec Baldwin
2334,Adriana Lima
2335,Ben Stiller
2336,Abigail Breslin
2337,Albert Finney
2338,Beyonce Knowles
2339,Adriana Barraza
2340,Amber Heard
2341,Annette Bening
2342,Alan Alda
2343,Antonio Banderas
2344,Benicio Del Toro
2345,Andrew Lincoln
2346,Antonio Banderas
2347,Bernie Mac
2348,Annette Bening
2349,Abigail Breslin
2350,Ben Johnson
2351,Angelina Jolie
2352,Adam Sandler
2353,Alan Arkin
2354,Benjamin Bratt
2355,Bill Pullman
2356,Amy Ryan
2357,Adele
2358,Angelina Jolie
2359,Ashley Judd
2360,Amy Ryan
2361,bella thorne
2362,Amanda Peet
2363,Benjamin Bratt
2364,AnnaSophia Robb
2365,Ben Stiller
2366,Aaron Taylor-Johnson
2367,Andrew Luck
2368,Al Pacino
2369,Bill O Reilly
2370,Ashley Judd
2371,Aaron Paul
2372,Anjelica Huston
2373,Ashley Graham
2374,Bette Midler
2375,Albert Brooks
2376,Ben Kingsley
2377,Alexander Skarsgard
2378,Bill Paxton
2379,Analeigh Tipton
2380,Amanda Seyfried
2381,Benedict Cumberbatch
2382,Adriana Barraza
2383,Aaron Taylor-Johnson
2384,Andrew Luck
2385,Andreea Diaconu
2386,Ava Gardner
2387,Ashley Graham
2388,Alexandra Daddario
2389,Alexis Thorpe
2390,Amy Schumer
2391,Analeigh Tipton
2392,Albert Finney
2393,Ashley Judd
2394,Amy Schumer
2395,Andrew Lincoln
2396,Amanda Peet
2397,Adriana Barraza
2398,Amanda Crew
2399,Berenice Bejo
2400,Arnold Schwarzenegger
2401,Bernie Mac
2402,Ben Affleck
2403,Anne Baxter
2404,Bill O Reilly
2405,Bill O Reilly
2406,Anjelica Huston
2407,Alex Pettyfer
2408,Alan Rickman
2409,Beyonce Knowles
2410,AnnaSophia Robb
2411,Bill Murray
2412,Bette Midler
2413,Adrianne Palicki
2414,Anna Paquin
2415,Anna Friel
2416,Aaron Judge
2417,AnnaSophia Robb
2418,Ava Gardner
2419,Al Roker
2420,Adele
2421,Audrey Hepburn
2422,Anne Bancroft
2423,Ashley Greene
2424,Anne Hathaway
2425,Bernie Mac
2426,Bill Rancic
2427,Armin Mueller-Stahl
2428,Ben Kingsley
2429,Alex Pettyfer
2430,Arnold Schwarzenegger
2431,Andy Murray
2432,Benjamin Bratt
2433,Audrey Hepburn
2434,Alan Rickman
2435,Betty White
2436,Al Roker
2437,Bill O Reilly
2438,Alex Pettyfer
2439,Arnold Schwarzenegger
2440,Annette Bening
2441,Andreea Diaconu
2442,Andy Murray
2443,Abigail Breslin
2444,Billy Bob Thornton
2445,Adrien Brody
2446,Alec Baldwin
2447,Angelina Jolie
2448,Amber Heard
2449,Anderson Cooper
2450,Anthony Perkins
2451,Benedict Cumberbatch
2452,Amy Ryan
2453,Angela Bassett
2454,Benedict Cumberbatch
2455,Anthony Hopkins
2456,Betty White
2457,Audrey Tautou
2458,Beyonce Knowles
2459,Alex Pettyfer
2460,Bill Paxton
2461,Albert Finney
2462,Andy Samberg
2463,Ben Johnson
2464,Albert Brooks
2465,Ava Gardner
2466,Andreea Diaconu
2467,Barbra Streisand
2468,Bill Murray
2469,Anne Hathaway
2470,Benicio Del Toro
2471,Anna Faris
2472,Akemi Darenogare
2473,Andy Murray
2474,Amy Ryan
2475,Alice Eve
2476,Alice Eve
2477,Abigail Breslin
2478,Barabara Palvin
2479,Aaron Paul
2480,Anthony Perkins
2481,Barry Pepper
2482,Amanda Crew
2483,Anjelica Huston
2484,Alan Arkin
2485,Anthony Hopkins
2486,Benedict Cumberbatch
2487,Anna Paquin
2488,Benjamin Bratt
2489,Aaron Paul
2490,Alexander Skarsgard
2491,Ashley Graham
2492,Andie MacDowell
2493,Ben Stiller
2494,Benedict Cumberbatch
2495,Audrey Tautou
2496,Anthony Mackie
2497,Anne Baxter
2498,Amanda Seyfried
2499,Arnold Schwarzenegger
2500,Alicia Vikander
2501,Ashley Greene
2502,Ben Stiller
2503,Anna Paquin
2504,Anna Paquin
2505,Angelina Jolie
2506,Ashley Graham
2507,Abigail Breslin
2508,Adrianne Palicki
2509,Barabara Palvin
2510,Adrien Brody
2511,Alexandra Daddario
2512,Al Roker
2513,Amanda Crew
2514,Ben Foster
2515,AnnaSophia Robb
2516,Anthony Mackie
2517,Bill Pullman
2518,Andy Samberg
2519,Bette Midler
2520,Amy Schumer
2521,Analeigh Tipton
2522,Barabara Palvin
2523,Akemi Darenogare
2524,Alx James
2525,Bill Hader
2526,Andy Samberg
2527,Anthony Hopkins
2528,Adele
2529,Andy Samberg
2530,Anna Kendrick
2531,AnnaSophia Robb
2532,Alan Arkin
2533,Adrien Brody
2534,Amy Adams
2535,Benicio Del Toro
2536,Alexander Skarsgard
2537,Andrew Garfield
2538,Ben Affleck
2539,Andrew Garfield
2540,Amanda Seyfried
2541,Aaron Paul
2542,Amy Ryan
2543,Anna Sui
2544,Arnold Schwarzenegger
2545,Alicia Vikander
2546,Ali Larter
2547,Angelina Jolie
2548,Berenice Bejo
2549,Analeigh Tipton
2550,Abigail Breslin
2551,Benedict Cumberbatch
2552,Alice Eve
2553,Barabara Palvin
2554,Art Carney
2555,Ali Larter
2556,Bill Murray
2557,Bill O Reilly
2558,Aaron Judge
2559,Amanda Bynes
2560,Anthony Hopkins
2561,Ashley Greene
2562,Ashley Greene
2563,Arnold Schwarzenegger
2564,Ashley Graham
2565,Ben Kingsley
2566,Alex Pettyfer
2567,Amy Ryan
2568,Amy Ryan
2569,Adele
2570,Bill O Reilly
2571,Anderson Cooper
2572,Berenice Bejo
2573,Ashley Graham
2574,Anna Paquin
2575,Benjamin Bratt
2576,Bill Daley
2577,Armin Mueller-Stahl
2578,Anthony Mackie
2579,Amy Ryan
2580,Amy Ryan
2581,Bella Hadid
2582,Ashton Kutcher
2583,Audrey Hepburn
2584,Barbra Streisand
2585,Anjelica Huston
2586,Andrew Lincoln
2587,Adrien Brody
2588,Alan Rickman
2589,Alan Arkin
2590,Alicia Vikander
2591,Audrey Hepburn
2592,Ben Johnson
2593,Barbra Streisand
2594,Anderson Cooper
2595,Adrianne Palicki
2596,Annette Bening
2597,Anna Paquin
2598,Alex Pettyfer
2599,Andy Garcia
2600,Barbra Streisand
2601,Anna Faris
2602,Anne Hathaway
2603,Benjamin Bratt
2604,Beyonce Knowles
2605,Ashley Greene
2606,Bernie Mac
2607,Akemi Darenogare
2608,Al Pacino
2609,Arnold Schwarzenegger
2610,Alec Baldwin
2611,Analeigh Tipton
2612,Ben Kingsley
2613,Alexander Skarsgard
2614,Bella Hadid
2615,Bill Hader
2616,Al Pacino
2617,Anna Paquin
2618,Adam Sandler
2619,Alice Eve
2620,Audrey Hepburn
2621,Andy Garcia
2622,Al Roker
2623,Anne Hathaway
2624,Amy Ryan
2625,Anna Friel
2626,Alex Pettyfer
2627,Ben Stiller
2628,Alec Baldwin
2629,Alx James
2630,Al Pacino
2631,Ashton Kutcher
2632,Alec Baldwin
2633,Ben Affleck
2634,Audrey Tautou
2635,Benjamin Bratt
2636,Bill O Reilly
2637,Anjelica Huston
2638,Beyonce Knowles
2639,Billy Bob Thornton
2640,Anna Kendrick
2641,Akemi Darenogare
2642,Andy Samberg
2643,Andie MacDowell
2644,Audrey Tautou
2645,Anjelica Huston
2646,Bill O Reilly
2647,Aaron Paul
2648,Ben Kingsley
2649,Anna Friel
2650,Andy Samberg
2651,Aaron Taylor-Johnson
2652,Barry Pepper
2653,Aaron Taylor-Johnson
2654,Anna Kendrick
2655,Alicia Vikander
2656,Adam Sandler
2657,Ali Larter
2658,Barbra Streisand
2659,Abigail Breslin
2660,Anna Friel
2661,Alan Arkin
2662,Alx James
2663,Andie MacDowell
2664,Anthony Hopkins
2665,Bella Hadid
2666,Beyonce Knowles
2667,Adam Sandler
2668,Amanda Crew
2669,Alicia Vikander
2670,Annette Bening
2671,Anna Paquin
2672,Alan Arkin
2673,Alan Arkin
2674,bella thorne
2675,Antonio Banderas
2676,Alan Rickman
2677,Barbra Streisand
2678,Ashley Greene
2679,Barabara Palvin
2680,Ben Kingsley
2681,Berenice Bejo
2682,Adrien Brody
2683,Ashley Graham
2684,Ben Foster
2685,Anne Bancroft
2686,Audrey Tautou
2687,Alexis Thorpe
2688,Bill O Reilly
2689,Al Roker
2690,Arnold Schwarzenegger
2691,Annette Bening
2692,Audrey Tautou
2693,Ben Stiller
2694,Andrew Lincoln
2695,Berenice Bejo
2696,Ashley Graham
2697,Andrew Luck
2698,Adrianne Palicki
2699,Anne Hathaway
2700,Ben Affleck
2701,Bill Hader
2702,Alex Pettyfer
2703,Al Roker
2704,Beyonce Knowles
2705,Alicia Vikander
2706,Amanda Peet
2707,Audrey Hepburn
2708,Ben Affleck
2709,Bill Paxton
2710,Alex Pettyfer
2711,Ashley Greene
2712,Ava Gardner
2713,Antonio Banderas
2714,Amanda Seyfried
2715,Annette Bening
2716,Adrianne Palicki
2717,Alessandra Ambrosio
2718,Berenice Bejo
2719,Barbra Streisand
2720,Abigail Breslin
2721,Amy Ryan
2722,Armin Mueller-Stahl
2723,Anna Faris
2724,Beyonce Knowles
2725,Bill Murray
2726,Amy Ryan
2727,Benedict Cumberbatch
2728,Adrianne Palicki
2729,Adriana Barraza
2730,Andrew Garfield
2731,Alan Rickman
2732,Adriana Barraza
2733,Alexander Skarsgard
2734,Anthony Hopkins
2735,Adele
2736,Analeigh Tipton
2737,Ashton Kutcher
2738,Amanda Peet
2739,Alan Alda
2740,Amber Heard
2741,Bill Daley
2742,Benjamin Bratt
2743,Andreea Diaconu
2744,Ali Larter
2745,Amanda Seyfried
2746,Andrew Lincoln
2747,Angelina Jolie
2748,Abigail Breslin
2749,Bill Rancic
2750,Alicia Vikander
2751,Bette Midler
2752,Andy Samberg
2753,Arnold Schwarzenegger
2754,Andy Garcia
2755,Billy Bob Thornton
2756,Abigail Breslin
2757,Aaron Paul
2758,Armin Mueller-Stahl
2759,Alec Baldwin
2760,Alex Pettyfer
2761,Bill Paxton
2762,Anne Hathaway
2763,Audrey Hepburn
2764,Anna Friel
2765,Amber Heard
2766,Ashley Graham
2767,Ali Larter
2768,Angela Bassett
2769,Abigail Breslin
2770,Annette Bening
2771,Andy Serkis
2772,Andrew Lincoln
2773,Anjelica Huston
2774,Anjelica Huston
2775,Ava Gardner
2776,Amy Adams
2777,Ben Affleck
2778,Alex Pettyfer
2779,Ben Affleck
2780,Bill Hader
2781,Ava Gardner
2782,Barry Pepper
2783,Audrey Tautou
2784,Andy Garcia
2785,Barabara Palvin
2786,Alexander Skarsgard
2787,Amy Adams
2788,Andy Serkis
2789,Amy Ryan
2790,Alicia Vikander
2791,Amanda Peet
2792,Annette Bening
2793,Anjelica Huston
2794,Amy Ryan
2795,Anna Sui
2796,Anna Kendrick
2797,Anne Hathaway
2798,Antonio Banderas
2799,Ben Johnson
2800,Andy Serkis
2801,Abigail Breslin
2802,Alexis Thorpe
2803,Anne Baxter
2804,Anna Friel
2805,Audrey Hepburn
2806,Akemi Darenogare
2807,Beyonce Knowles
2808,Adele
2809,Audrey Hepburn
2810,Benjamin Bratt
2811,Ashley Judd
2812,Annette Bening
2813,Benicio Del Toro
2814,Andreea Diaconu
2815,Anjelica Huston
2816,Alexis Thorpe
2817,Ali Larter
2818,Alec Baldwin
2819,Adele
2820,Andreea Diaconu
2821,Andrew Lincoln
2822,Benjamin Bratt
2823,Alan Arkin
2824,Angelina Jolie
2825,Anderson Cooper
2826,Andrew Garfield
2827,Bill Daley
2828,Berenice Bejo
2829,Aaron Judge
2830,Ali Larter
2831,Alan Rickman
2832,Barry Pepper
2833,Anjelica Huston
2834,Anna Paquin
2835,Abigail Breslin
2836,Andrew Luck
2837,Alexandra Daddario
2838,Anna Paquin
2839,Ashley Graham
2840,Bill Murray
2841,Ben Foster
2842,Anjelica Huston
2843,Andy Murray
2844,Ben Stiller
2845,Alec Baldwin
2846,Aaron Paul
2847,Anderson Cooper
2848,Ashley Greene
2849,Alicia Vikander
2850,Betty White
2851,Angelina Jolie
2852,Armin Mueller-Stahl
2853,Betty White
2854,Andy Serkis
2855,Andy Garcia
2856,Albert Finney
2857,Amanda Peet
2858,Berenice Bejo
2859,Andrew Luck
2860,Amanda Seyfried
2861,Akemi Darenogare
2862,Andreea Diaconu
2863,Angelina Jolie
2864,Amy Ryan
2865,Ben Johnson
2866,Alexander Skarsgard
2867,Andrew Garfield
2868,Benjamin Bratt
2869,Bette Midler
2870,Billy Bob Thornton
2871,Albert Brooks
2872,Billy Bob Thornton
2873,Berenice Bejo
2874,Alan Arkin
2875,Billy Bob Thornton
2876,Anna Sui
2877,Bella Hadid
2878,AnnaSophia Robb
2879,Amy Adams
2880,Audrey Hepburn
2881,Andie MacDowell
2882,Anna Paquin
2883,Bella Hadid
2884,Ashton Kutcher
2885,Anne Hathaway
2886,Art Carney
2887,Barry Pepper
2888,Alx James
2889,Amanda Seyfried
2890,Akemi Darenogare
2891,Billy Bob Thornton
2892,Berenice Bejo
2893,Andrew Garfield
2894,Amy Ryan
2895,Adriana Barraza
2896,Amanda Seyfried
2897,Benedict Cumberbatch
2898,Ashley Greene
2899,Angelina Jolie
2900,Alicia Vikander
2901,Alx James
2902,Billy Bob Thornton
2903,Adriana Lima
2904,Ashley Graham
2905,Art Carney
2906,Audrey Hepburn
2907,Andrew Lincoln
2908,Ashley Judd
2909,Andrew Lincoln
2910,Anna Sui
2911,Audrey Hepburn
2912,Amanda Seyfried
2913,Barry Pepper
2914,Adele
2915,Ben Foster
2916,Adrien Brody
2917,Ali Larter
2918,Anne Bancroft
2919,Andrew Lincoln
2920,Andrew Garfield
2921,Alexander Skarsgard
2922,Andie MacDowell
2923,AnnaSophia Robb
2924,Aaron Taylor-Johnson
2925,Alessandra Ambrosio
2926,Benjamin Bratt
2927,Aaron Paul
2928,Amy Adams
2929,Benjamin Bratt
2930,Alan Alda
2931,Ashley Graham
2932,Andie MacDowell
2933,Alan Rickman
2934,Albert Finney
2935,Analeigh Tipton
2936,Adrien Brody
2937,bella thorne
2938,Benjamin Bratt
2939,Adriana Barraza
2940,Bill Murray
2941,Anna Faris
2942,Bill Daley
2943,Amy Adams
2944,Antonio Banderas
2945,Alex Pettyfer
2946,Bernie Mac
2947,Ben Affleck
2948,Beyonce Knowles
2949,Alan Alda
2950,Annette Bening
2951,Alx James
2952,Amanda Seyfried
2953,Angelina Jolie
2954,Alx James
2955,Barry Pepper
2956,Anna Friel
2957,Adrien Brody
2958,Adam Sandler
2959,Alexander Skarsgard
2960,Bill O Reilly
2961,Armin Mueller-Stahl
2962,bella thorne
2963,Alan Rickman
2964,Antonio Banderas
2965,Andie MacDowell
2966,Bill Murray
2967,Anthony Mackie
2968,Bernie Mac
2969,Anne Bancroft
2970,Andy Samberg
2971,Barbra Streisand
2972,Bernie Mac
2973,Anne Baxter
2974,Ashley Graham
2975,Benjamin Bratt
2976,Benicio Del Toro
2977,Andy Murray
2978,Armin Mueller-Stahl
2979,Ali Larter
2980,Amy Adams
2981,Anthony Perkins
2982,Alan Rickman
2983,Ashley Judd
2984,Andrew Luck
2985,Amanda Bynes
2986,Alan Arkin
2987,Ali Larter
2988,Ben Stiller
2989,Anna Sui
2990,Anna Faris
2991,Bella Hadid
2992,Alexis Thorpe
2993,Audrey Hepburn
2994,Barabara Palvin
2995,Antonio Banderas
2996,Anna Faris
2997,Amanda Peet
2998,Audrey Hepburn
2999,Arnold Schwarzenegger
3000,Ashley Judd
3001,Armin Mueller-Stahl
3002,Andie MacDowell
3003,Adriana Barraza
3004,Anjelica Huston
3005,Anne Hathaway
3006,Adrien Brody
3007,Alice Eve
3008,bella thorne
3009,Barabara Palvin
3010,Anna Sui
3011,Anjelica Huston
3012,Bill Pullman
3013,Benedict Cumberbatch
3014,Bill Paxton
3015,Ashley Judd
3016,Alx James
3017,Andy Garcia
3018,Alexander Skarsgard
3019,Abigail Breslin
3020,Angelina Jolie
3021,Angela Bassett
3022,Benjamin Bratt
3023,Bella Hadid
3024,Bill O Reilly
3025,Anne Hathaway
3026,Anna Faris
3027,Audrey Tautou
3028,Annette Bening
3029,Andy Garcia
3030,Alan Alda
3031,Armin Mueller-Stahl
3032,Anjelica Huston
3033,Andy Murray
3034,Andy Samberg
3035,Alexander Skarsgard
3036,Bill Pullman
3037,Ali Larter
3038,Anjelica Huston
3039,Anne Hathaway
3040,Bill Pullman
3041,Albert Finney
3042,Bill Rancic
3043,Amanda Peet
3044,Andrew Luck
3045,Adriana Lima
3046,Alec Baldwin
3047,Anthony Hopkins
3048,Bella Hadid
3049,Ava Gardner
3050,Andrew Lincoln
3051,Barry Pepper
3052,Anderson Cooper
3053,Anne Bancroft
3054,Ava Gardner
3055,Amanda Peet
3056,Ava Gardner
3057,Ashley Graham
3058,Bill O Reilly
3059,Barbra Streisand
3060,Amanda Crew
3061,Andrew Lincoln
3062,Anthony Mackie
3063,Amy Schumer
3064,Audrey Tautou
3065,Alan Alda
3066,Berenice Bejo
3067,Andy Samberg
3068,Andrew Luck
3069,Bill Paxton
3070,Andie MacDowell
3071,Arnold Schwarzenegger
3072,Ashley Judd
3073,Audrey Tautou
3074,Anne Baxter
3075,Bella Hadid
3076,Anne Bancroft
3077,Bernie Mac
3078,Albert Brooks
3079,Ben Stiller
3080,Alx James
3081,Ben Stiller
3082,Arnold Schwarzenegger
3083,Bill O Reilly
3084,Amy Schumer
3085,Bill Daley
3086,Bill Daley
3087,Anderson Cooper
3088,Andrew Garfield
3089,Anthony Perkins
3090,Bette Midler
3091,Ava Gardner
3092,Amanda Seyfried
3093,Al Roker
3094,Aaron Judge
3095,Benjamin Bratt
3096,Adrien Brody
3097,Armin Mueller-Stahl
3098,Ashley Graham
3099,Alicia Vikander
3100,Anna Faris
3101,Ben Foster
3102,Billy Bob Thornton
3103,Al Roker
3104,Anthony Mackie
3105,Andie MacDowell
3106,Albert Brooks
3107,Bill Pullman
3108,Anne Hathaway
3109,Aaron Taylor-Johnson
3110,Beyonce Knowles
3111,Anne Bancroft
3112,Bill Murray
3113,Bill Murray
3114,Andrew Garfield
3115,Alice Eve
3116,Anthony Perkins
3117,Amy Schumer
3118,Bill Murray
3119,Anne Bancroft
3120,Amy Schumer
3121,Adrien Brody
3122,Alessandra Ambrosio
3123,Berenice Bejo
3124,Adrianne Palicki
3125,Anthony Perkins
3126,Amy Adams
3127,Ashley Greene
3128,Benjamin Bratt
3129,Benedict Cumberbatch
3130,Adam Sandler
3131,Berenice Bejo
3132,Akemi Darenogare
3133,Adrien Brody
3134,Bill Pullman
3135,Amanda Peet
3136,Alx James
3137,Anna Friel
3138,Bill Pullman
3139,Alx James
3140,Andrew Garfield
3141,Anjelica Huston
3142,Art Carney
3143,Anthony Perkins
3144,Aaron Taylor-Johnson
3145,Anthony Perkins
3146,Anna Sui
3147,Al Pacino
3148,Andy Murray
3149,Anjelica Huston
3150,Anderson Cooper
3151,Ava Gardner
3152,Anna Sui
3153,Andy Serkis
3154,Barry Pepper
3155,Ben Johnson
3156,Anna Sui
3157,Benicio Del Toro
3158,Aaron Paul
3159,Akemi Darenogare
3160,Andie MacDowell
3161,Amber Heard
3162,Bette Midler
3163,Alx James
3164,Adrien Brody
3165,Anthony Hopkins
3166,Benjamin Bratt
3167,Anna Friel
3168,Anna Paquin
3169,Billy Bob Thornton
3170,Alan Alda
3171,Anthony Perkins
3172,Barabara Palvin
3173,Alexis Thorpe
3174,Ben Stiller
3175,Andreea Diaconu
3176,Anna Friel
3177,Adrianne Palicki
3178,Bill Daley
3179,Ben Johnson
3180,Anna Friel
3181,Akemi Darenogare
3182,Albert Finney
3183,Ben Foster
3184,Ben Foster
3185,Andie MacDowell
3186,Ben Affleck
3187,Anne Hathaway
3188,Anna Sui
3189,Armin Mueller-Stahl
3190,Amy Adams
3191,Barry Pepper
3192,Ashley Greene
3193,Anthony Perkins
3194,Andy Garcia
3195,Benicio Del Toro
3196,bella thorne
3197,Bill Hader
3198,Anthony Mackie
3199,Anthony Mackie
3200,Albert Finney
3201,Akemi Darenogare
3202,AnnaSophia Robb
3203,Abigail Breslin
3204,Bill Hader
3205,Benedict Cumberbatch
3206,Amy Adams
3207,Amber Heard
3208,Alan Arkin
3209,Benedict Cumberbatch
3210,Bill Hader
3211,Alan Alda
3212,Andreea Diaconu
3213,Bill Paxton
3214,Alec Baldwin
3215,Bella Hadid
3216,Antonio Banderas
3217,Albert Brooks
3218,Al Pacino
3219,Anna Sui
3220,Alicia Vikander
3221,Analeigh Tipton
3222,Bill Hader
3223,Ben Kingsley
3224,Alan Arkin
3225,Andy Serkis
3226,Audrey Hepburn
3227,Anne Hathaway
3228,Anna Kendrick
3229,Benicio Del Toro
3230,Barbra Streisand
3231,Benicio Del Toro
3232,Anthony Hopkins
3233,Bella Hadid
3234,Billy Bob Thornton
3235,Anne Hathaway
3236,Betty White
3237,Anjelica Huston
3238,Bill Daley
3239,Billy Bob Thornton
3240,Ava Gardner
3241,Amber Heard
3242,Anna Friel
3243,Bill Murray
3244,Bette Midler
3245,Anderson Cooper
3246,Andy Garcia
3247,Alex Pettyfer
3248,Audrey Tautou
3249,Akemi Darenogare
3250,Anne Hathaway
3251,Alexander Skarsgard
3252,Benjamin Bratt
3253,Amanda Seyfried
3254,Alan Arkin
3255,Armin Mueller-Stahl
3256,Alexandra Daddario
3257,Adriana Lima
3258,Audrey Hepburn
3259,Anne Hathaway
3260,Ben Stiller
3261,Alex Pettyfer
3262,Alan Arkin
3263,Andy Garcia
3264,Akemi Darenogare
3265,Andy Serkis
3266,Anne Bancroft
3267,Andie MacDowell
3268,Aaron Taylor-Johnson
3269,Andreea Diaconu
3270,Andy Garcia
3271,AnnaSophia Robb
3272,Anthony Mackie
3273,Audrey Tautou
3274,Bill O Reilly
3275,Al Pacino
3276,Amanda Peet
3277,Annette Bening
3278,Andrew Lincoln
3279,Ben Affleck
3280,Andy Garcia
3281,Bernie Mac
3282,Abigail Breslin
3283,Bill Rancic
3284,Ava Gardner
3285,Adele
3286,Annette Bening
3287,Billy Bob Thornton
3288,Ben Kingsley
3289,Al Roker
3290,Anjelica Huston
3291,Angelina Jolie
3292,bella thorne
3293,Adele
3294,Bella Hadid
3295,Andy Murray
3296,Berenice Bejo
3297,Barabara Palvin
3298,Bill Paxton
3299,bella thorne
3300,Andrew Garfield
3301,Alice Eve
3302,Ben Johnson
3303,Andrew Luck
3304,Adele
3305,Amanda Bynes
3306,Amanda Crew
3307,Anna Faris
3308,Beyonce Knowles
3309,Bill Rancic
3310,Amy Schumer
3311,Anna Kendrick
3312,Adriana Lima
3313,Ashley Greene
3314,Al Pacino
3315,Bill Daley
3316,Ashley Judd
3317,AnnaSophia Robb
3318,Barry Pepper
3319,Andy Samberg
3320,Andy Murray
3321,Analeigh Tipton
3322,Ben Foster
3323,Annette Bening
3324,Anna Faris
3325,Ben Stiller
3326,Audrey Hepburn
3327,Ali Larter
3328,bella thorne
3329,Aaron Taylor-Johnson
3330,Amanda Peet
3331,Adriana Barraza
3332,Audrey Hepburn
3333,Bette Midler
3334,Andie MacDowell
3335,Anderson Cooper
3336,Amanda Crew
3337,Annette Bening
3338,Alexis Thorpe
3339,Alec Baldwin
3340,Alexander Skarsgard
3341,Beyonce Knowles
3342,Anna Faris
3343,Adrien Brody
3344,Anjelica Huston
3345,bella thorne
3346,Anna Kendrick
3347,Anjelica Huston
3348,Al Pacino
3349,Barabara Palvin
3350,Anna Paquin
3351,Adele
3352,Berenice Bejo
3353,Andy Garcia
3354,Audrey Hepburn
3355,Antonio Banderas
3356,Amanda Crew
3357,Aaron Judge
3358,Ava Gardner
3359,Anna Sui
3360,Anna Faris
3361,Ben Johnson
3362,Alexandra Daddario
3363,Anthony Hopkins
3364,Alice Eve
3365,Alexandra Daddario
3366,Al Roker
3367,Andie MacDowell
3368,Anne Bancroft
3369,Andy Serkis
3370,Anthony Perkins
3371,Ben Stiller
3372,Alicia Vikander
3373,Alx James
3374,Ben Kingsley
3375,Benicio Del Toro
3376,Bill Rancic
3377,Anderson Cooper
3378,Alexandra Daddario
3379,Barry Pepper
3380,Anna Faris
3381,Ava Gardner
3382,Adrien Brody
3383,Angelina Jolie
3384,Aaron Taylor-Johnson
3385,Al Roker
3386,Andreea Diaconu
3387,Angelina Jolie
3388,Akemi Darenogare
3389,Alex Pettyfer
3390,Alessandra Ambrosio
3391,Ashley Greene
3392,Billy Bob Thornton
3393,Ashley Graham
3394,Arnold Schwarzenegger
3395,Bill Paxton
3396,Analeigh Tipton
3397,Ava Gardner
3398,Albert Finney
3399,Ben Kingsley
3400,Aaron Paul
3401,Ben Johnson
3402,Alec Baldwin
3403,Alan Rickman
3404,Anna Paquin
3405,Al Pacino
3406,Andreea Diaconu
3407,Ashley Judd
3408,Benicio Del Toro
3409,Andy Serkis
3410,Albert Finney
3411,Armin Mueller-Stahl
3412,Anna Faris
3413,Alan Rickman
3414,Audrey Hepburn
3415,Amy Schumer
3416,Barry Pepper
3417,Berenice Bejo
3418,Amanda Peet
3419,Alx James
3420,Angelina Jolie
3421,Anne Bancroft
3422,Akemi Darenogare
3423,Anthony Perkins
3424,Al Pacino
3425,Ben Foster
3426,Al Roker
3427,Beyonce Knowles
3428,Ben Kingsley
3429,Alessandra Ambrosio
3430,AnnaSophia Robb
3431,Armin Mueller-Stahl
3432,Alx James
3433,Anna Faris
3434,Andrew Luck
3435,Aaron Judge
3436,Andy Garcia
3437,Alexander Skarsgard
3438,Andrew Luck
3439,Alexis Thorpe
3440,Alexandra Daddario
3441,Ashley Greene
3442,Anthony Hopkins
3443,Ben Foster
3444,Bella Hadid
3445,Andy Serkis
3446,Betty White
3447,Benicio Del Toro
3448,Aaron Paul
3449,Bill Pullman
3450,Al Roker
3451,Arnold Schwarzenegger
3452,Bill Murray
3453,Barry Pepper
3454,Amy Schumer
3455,Ashley Judd
3456,Anna Kendrick
3457,Benjamin Bratt
3458,Andy Garcia
3459,Albert Finney
3460,Ava Gardner
3461,Alexis Thorpe
3462,Aaron Judge
3463,Adrianne Palicki
3464,Bill Pullman
3465,Audrey Hepburn
3466,Al Pacino
3467,Andy Samberg
3468,Adrianne Palicki
3469,Annette Bening
3470,Anna Friel
3471,Andy Samberg
3472,Andie MacDowell
3473,Aaron Paul
3474,Andrew Garfield
3475,Alice Eve
3476,Al Roker
3477,Bette Midler
3478,Bill Murray
3479,Andrew Lincoln
3480,Anna Paquin
3481,Anna Faris
3482,Bill Murray
3483,Al Roker
3484,Alan Rickman
3485,Adriana Barraza
3486,Art Carney
3487,Andy Serkis
3488,Al Pacino
3489,Al Pacino
3490,Analeigh Tipton
3491,Andreea Diaconu
3492,Bill Murray
3493,Andy Garcia
3494,Beyonce Knowles
3495,Bella Hadid
3496,Adriana Barraza
3497,Anna Paquin
3498,Analeigh Tipton
3499,Anjelica Huston
3500,Amanda Bynes
3501,Anna Faris
3502,Ava Gardner
3503,Anthony Perkins
3504,Alice Eve
3505,Armin Mueller-Stahl
3506,Ben Kingsley
3507,Anjelica Huston
3508,Adrien Brody
3509,Ali Larter
3510,Abigail Breslin
3511,Andrew Lincoln
3512,Bill Rancic
3513,Bette Midler
3514,Alan Arkin
3515,Al Roker
3516,Anthony Hopkins
3517,Angela Bassett
3518,Audrey Hepburn
3519,Arnold Schwarzenegger
3520,Alx James
3521,Ben Affleck
3522,Ben Kingsley
3523,Alexandra Daddario
3524,Andrew Lincoln
3525,Amy Ryan
3526,Betty White
3527,Ben Johnson
3528,Benicio Del Toro
3529,Benicio Del Toro
3530,Ali Larter
3531,Amy Schumer
3532,Bill Daley
3533,Anna Paquin
3534,Antonio Banderas
3535,Barbra Streisand
3536,Andy Serkis
3537,Amy Schumer
3538,Alice Eve
3539,Andrew Garfield
3540,Alexis Thorpe
3541,Anthony Hopkins
3542,Audrey Tautou
3543,Bill O Reilly
3544,Betty White
3545,Adriana Lima
3546,Alan Alda
3547,Anderson Cooper
3548,Bill Rancic
3549,Betty White
3550,Bill Pullman
3551,Alicia Vikander
3552,Benicio Del Toro
3553,Abigail Breslin
3554,Anna Friel
3555,Adrianne Palicki
3556,Akemi Darenogare
3557,Bette Midler
3558,Anne Hathaway
3559,Anne Baxter
3560,Amber Heard
3561,Anthony Hopkins
3562,Billy Bob Thornton
3563,Bill Paxton
3564,Amy Ryan
3565,Alexandra Daddario
3566,Betty White
3567,Bill Murray
3568,Anna Sui
3569,Anne Baxter
3570,Alan Rickman
3571,Berenice Bejo
3572,Ali Larter
3573,Ava Gardner
3574,Anna Faris
3575,Bill Rancic
3576,Andie MacDowell
3577,Angelina Jolie
3578,Andy Murray
3579,Angela Bassett
3580,Beyonce Knowles
3581,Ashley Graham
3582,Ashley Graham
3583,Bill Pullman
3584,Bette Midler
3585,Armin Mueller-Stahl
3586,Anne Bancroft
3587,Ashley Greene
3588,Anthony Hopkins
3589,bella thorne
3590,Ashton Kutcher
3591,Alexandra Daddario
3592,Ashley Graham
3593,Andrew Garfield
3594,Audrey Hepburn
3595,Aaron Judge
3596,Alan Alda
3597,Bill O Reilly
3598,Alan Arkin
3599,Albert Brooks
3600,Alessandra Ambrosio
3601,Albert Finney
3602,Ben Johnson
3603,Benjamin Bratt
3604,Adrien Brody
3605,Bill Hader
3606,Bill Rancic
3607,Abigail Breslin
3608,Anthony Hopkins
3609,Anjelica Huston
3610,Annette Bening
3611,Andie MacDowell
3612,Ben Johnson
3613,Bill Hader
3614,Bette Midler
3615,Ashley Judd
3616,Beyonce Knowles
3617,Ali Larter
3618,Betty White
3619,Amanda Crew
3620,Alexander Skarsgard
3621,Andy Samberg
3622,Amy Adams
3623,Anthony Perkins
3624,Alx James
3625,Anjelica Huston
3626,Bill Rancic
3627,Ashley Graham
3628,Alessandra Ambrosio
3629,Andie MacDowell
3630,Anne Baxter
3631,Adele
3632,Anna Sui
3633,Arnold Schwarzenegger
3634,Angelina Jolie
3635,Alec Baldwin
3636,Audrey Hepburn
3637,Berenice Bejo
3638,bella thorne
3639,Bill O Reilly
3640,Andreea Diaconu
3641,Andrew Garfield
3642,Ben Stiller
3643,Anna Kendrick
3644,Alessandra Ambrosio
3645,Alan Alda
3646,Anthony Mackie
3647,Al Roker
3648,bella thorne
3649,Ava Gardner
3650,Audrey Hepburn
3651,Antonio Banderas
3652,Bill Murray
3653,Alan Arkin
3654,Adele
3655,Anderson Cooper
3656,Antonio Banderas
3657,Alexis Thorpe
3658,Andrew Garfield
3659,Alex Pettyfer
3660,Adele
3661,Anthony Perkins
3662,Aaron Taylor-Johnson
3663,Anne Baxter
3664,Bill Daley
3665,Albert Finney
3666,Amanda Crew
3667,Andy Serkis
3668,Ben Affleck
3669,Bill O Reilly
3670,Anjelica Huston
3671,Benedict Cumberbatch
3672,Anna Paquin
3673,Akemi Darenogare
3674,Adrianne Palicki
3675,Ben Affleck
3676,Ben Foster
3677,Alexander Skarsgard
3678,Benicio Del Toro
3679,Andrew Luck
3680,Amanda Bynes
3681,Alice Eve
3682,Anna Faris
3683,Alan Arkin
3684,Barbra Streisand
3685,Anjelica Huston
3686,Barabara Palvin
3687,Bella Hadid
3688,Albert Brooks
3689,Adele
3690,Bill Paxton
3691,Alice Eve
3692,Adele
3693,Andy Garcia
3694,Adrianne Palicki
3695,Barabara Palvin
3696,Al Roker
3697,Benjamin Bratt
3698,Bill Murray
3699,Amanda Seyfried
3700,Andie MacDowell
3701,Andreea Diaconu
3702,Adele
3703,Aaron Taylor-Johnson
3704,Ben Foster
3705,Anderson Cooper
3706,Anthony Hopkins
3707,Anthony Perkins
3708,Bernie Mac
3709,Andrew Garfield
3710,Arnold Schwarzenegger
3711,Anderson Cooper
3712,Ben Stiller
3713,Ava Gardner
3714,Betty White
3715,Benedict Cumberbatch
3716,Ashley Graham
3717,Alan Arkin
3718,Ashley Graham
3719,Barabara Palvin
3720,Ben Kingsley
3721,Albert Finney
3722,Andie MacDowell
3723,Art Carney
3724,Bette Midler
3725,Alicia Vikander
3726,Bill O Reilly
3727,Aaron Paul
3728,Aaron Judge
3729,Aaron Judge
3730,Adrien Brody
3731,Andrew Luck
3732,Amanda Crew
3733,Anna Friel
3734,AnnaSophia Robb
3735,Andrew Lincoln
3736,Betty White
3737,Adrien Brody
3738,Amanda Seyfried
3739,Alan Arkin
3740,Ali Larter
3741,Adrien Brody
3742,Andy Samberg
3743,Adrianne Palicki
3744,Amy Schumer
3745,Ben Stiller
3746,Benedict Cumberbatch
3747,Ben Johnson
3748,Anna Sui
3749,Anna Faris
3750,Alx James
3751,Anderson Cooper
3752,Anna Sui
3753,Alan Arkin
3754,AnnaSophia Robb
3755,Andrew Lincoln
3756,Alan Rickman
3757,Aaron Judge
3758,Ashley Judd
3759,Anna Friel
3760,Andrew Garfield
3761,Beyonce Knowles
3762,Alan Alda
3763,Anne Hathaway
3764,Adrianne Palicki
3765,Anna Paquin
3766,Alan Alda
3767,Ben Affleck
3768,Ashley Greene
3769,Benjamin Bratt
3770,Anderson Cooper
3771,Alan Rickman
3772,Andrew Luck
3773,Bernie Mac
3774,Benjamin Bratt
3775,Armin Mueller-Stahl
3776,Anna Paquin
3777,Beyonce Knowles
3778,Anna Friel
3779,Anna Sui
3780,Amy Schumer
3781,Alexandra Daddario
3782,Bill O Reilly
3783,Al Roker
3784,Betty White
3785,Anne Bancroft
3786,Anna Sui
3787,Al Roker
3788,Adrien Brody
3789,Bill Hader
3790,Alan Arkin
3791,bella thorne
3792,Andy Murray
3793,Adriana Lima
3794,Barry Pepper
3795,Ben Stiller
3796,Billy Bob Thornton
3797,Andy Samberg
3798,Alan Rickman
3799,Ava Gardner
3800,Barabara Palvin
3801,Abigail Breslin
3802,Bill Hader
3803,Amy Adams
3804,Benjamin Bratt
3805,Bill Hader
3806,Ashley Graham
3807,Amy Adams
3808,Amanda Peet
3809,Ashley Judd
3810,Akemi Darenogare
3811,AnnaSophia Robb
3812,Ben Affleck
3813,Bill O Reilly
3814,Adriana Barraza
3815,Alx James
3816,Aaron Judge
3817,Adrianne Palicki
3818,Bill Murray
3819,Andrew Garfield
3820,Bill Hader
3821,Bill Paxton
3822,Andie MacDowell
3823,Andrew Lincoln
3824,Andy Serkis
3825,Adrien Brody
3826,Anna Kendrick
3827,Akemi Darenogare
3828,Anthony Mackie
3829,Anne Hathaway
3830,Benicio Del Toro
3831,Bernie Mac
3832,Andrew Garfield
3833,Anna Kendrick
3834,Barry Pepper
3835,Angela Bassett
3836,Bill Daley
3837,Alessandra Ambrosio
3838,Ben Affleck
3839,Anna Sui
3840,Amy Ryan
3841,Berenice Bejo
3842,bella thorne
3843,Ben Affleck
3844,Ben Affleck
3845,Andreea Diaconu
3846,Benicio Del Toro
3847,Alex Pettyfer
3848,Aaron Taylor-Johnson
3849,Ali Larter
3850,Adam Sandler
3851,Andy Samberg
3852,Andrew Lincoln
3853,Anna Faris
3854,Andy Serkis
3855,Ava Gardner
3856,Anthony Perkins
3857,Andreea Diaconu
3858,Anne Bancroft
3859,Anthony Hopkins
3860,AnnaSophia Robb
3861,Ali Larter
3862,Anna Paquin
3863,Adele
3864,Barabara Palvin
3865,Analeigh Tipton
3866,Alec Baldwin
3867,Bill Murray
3868,Ben Stiller
3869,Audrey Hepburn
3870,Anne Hathaway
3871,Anna Sui
3872,Anderson Cooper
3873,Anna Kendrick
3874,bella thorne
3875,Alexis Thorpe
3876,Anna Sui
3877,Abigail Breslin
3878,Alan Arkin
3879,Adrianne Palicki
3880,Alan Alda
3881,Andie MacDowell
3882,Bill Rancic
3883,Anne Baxter
3884,Benicio Del Toro
3885,Abigail Breslin
3886,Alex Pettyfer
3887,Art Carney
3888,Andreea Diaconu
3889,Bill Hader
3890,Anne Hathaway
3891,Ali Larter
3892,Ali Larter
3893,Alexis Thorpe
3894,Adriana Lima
3895,Alicia Vikander
3896,Aaron Taylor-Johnson
3897,Bill Daley
3898,Adrien Brody
3899,Benjamin Bratt
3900,Al Pacino
3901,AnnaSophia Robb
3902,Aaron Taylor-Johnson
3903,Andy Murray
3904,Berenice Bejo
3905,Annette Bening
3906,Bernie Mac
3907,Alice Eve
3908,Andrew Lincoln
3909,Alan Alda
3910,Angela Bassett
3911,Audrey Hepburn
3912,Andie MacDowell
3913,Anna Kendrick
3914,Andy Samberg
3915,Anne Baxter
3916,Anjelica Huston
3917,Anna Paquin
3918,Amy Adams
3919,Andrew Luck
3920,Aaron Judge
3921,Adriana Lima
3922,Andy Garcia
3923,Arnold Schwarzenegger
3924,Billy Bob Thornton
3925,Alicia Vikander
3926,Al Pacino
3927,Bill Rancic
3928,Anna Friel
3929,Alx James
3930,Adriana Barraza
3931,Barbra Streisand
3932,Bella Hadid
3933,Andie MacDowell
3934,Barry Pepper
3935,Amanda Seyfried
3936,Alan Arkin
3937,Ava Gardner
3938,Anthony Mackie
3939,Billy Bob Thornton
3940,Ashton Kutcher
3941,Ali Larter
3942,Bill Murray
3943,Anne Bancroft
3944,Anna Paquin
3945,Beyonce Knowles
3946,Andrew Lincoln
3947,Al Pacino
3948,Ashley Judd
3949,Akemi Darenogare
3950,Angelina Jolie
3951,Amy Ryan
3952,Bill Murray
3953,Ben Kingsley
3954,Art Carney
3955,Andy Murray
3956,Andy Samberg
3957,Angela Bassett
3958,Ashley Greene
3959,Abigail Breslin
3960,Aaron Paul
3961,Audrey Tautou
3962,Anthony Hopkins
3963,Bill Hader
3964,Abigail Breslin
3965,Albert Finney
3966,Ashley Graham
3967,Amanda Crew
3968,Ben Foster
3969,Anjelica Huston
3970,Berenice Bejo
3971,Andy Garcia
3972,Andy Serkis
3973,Bella Hadid
3974,Bill Paxton
3975,Alan Arkin
3976,Bella Hadid
3977,Anne Bancroft
3978,Benedict Cumberbatch
3979,Ben Affleck
3980,Albert Brooks
3981,AnnaSophia Robb
3982,Anjelica Huston
3983,Betty White
3984,Annette Bening
3985,Alex Pettyfer
3986,Aaron Taylor-Johnson
3987,Alan Rickman
3988,Alx James
3989,Bill Hader
3990,Anthony Perkins
3991,Bette Midler
3992,Ben Kingsley
3993,Anna Friel
3994,Betty White
3995,Ashley Judd
3996,Ashley Graham
3997,Audrey Hepburn
3998,Anna Paquin
3999,Ali Larter
4000,Antonio Banderas
4001,Amanda Peet
4002,Alan Alda
4003,Alec Baldwin
4004,Anthony Perkins
4005,Adriana Barraza
4006,Anne Hathaway
4007,Bill Murray
4008,Amy Ryan
4009,Alan Arkin
4010,Andie MacDowell
4011,Adrien Brody
4012,Alexander Skarsgard
4013,Anne Bancroft
4014,Aaron Paul
4015,Anthony Mackie
4016,Alan Arkin
4017,Barry Pepper
4018,Adrien Brody
4019,Alexander Skarsgard
4020,Arnold Schwarzenegger
4021,AnnaSophia Robb
4022,Aaron Judge
4023,Anne Bancroft
4024,Aaron Judge
4025,Andy Murray
4026,Alexis Thorpe
4027,Amanda Seyfried
4028,Amy Schumer
4029,Alex Pettyfer
4030,Ben Stiller
4031,Alice Eve
4032,Albert Finney
4033,Art Carney
4034,Al Pacino
4035,Bill Paxton
4036,Aaron Judge
4037,Andrew Lincoln
4038,Alex Pettyfer
4039,Alessandra Ambrosio
4040,Ben Johnson
4041,Albert Finney
4042,Art Carney
4043,Anthony Mackie
4044,Anne Bancroft
4045,Audrey Hepburn
4046,Alx James
4047,Anthony Mackie
4048,Ashley Greene
4049,Anna Kendrick
4050,Andy Samberg
4051,Adam Sandler
4052,Andy Serkis
4053,Andie MacDowell
4054,Bill Paxton
4055,Alexandra Daddario
4056,Benjamin Bratt
4057,Albert Finney
4058,Al Pacino
4059,Ben Foster
4060,Bill Daley
4061,Adrien Brody
4062,Beyonce Knowles
4063,Ashley Greene
4064,Art Carney
4065,Barry Pepper
4066,Ashton Kutcher
4067,Alice Eve
4068,Anna Sui
4069,Alexandra Daddario
4070,bella thorne
4071,Barry Pepper
4072,Barbra Streisand
4073,Alan Arkin
4074,Andie MacDowell
4075,Amy Schumer
4076,Adriana Barraza
4077,Anna Faris
4078,Adrien Brody
4079,Barabara Palvin
4080,Amy Adams
4081,Anna Sui
4082,Barabara Palvin
4083,Bill Paxton
4084,Ali Larter
4085,Benjamin Bratt
4086,Amanda Seyfried
4087,Andy Murray
4088,Andreea Diaconu
4089,Alan Rickman
4090,Barry Pepper
4091,Barabara Palvin
4092,Audrey Hepburn
4093,Aaron Judge
4094,Albert Brooks
4095,Barry Pepper
4096,Ashley Graham
4097,Andy Samberg
4098,Alessandra Ambrosio
4099,Bill Paxton
4100,Bill Paxton
4101,Amy Ryan
4102,Anderson Cooper
4103,Art Carney
4104,Bill O Reilly
4105,Amy Ryan
4106,Andy Serkis
4107,Billy Bob Thornton
4108,Bill Daley
4109,Anne Hathaway
4110,Alx James
4111,Alex Pettyfer
4112,Ben Affleck
4113,Barry Pepper
4114,Adriana Lima
4115,Adele
4116,Analeigh Tipton
4117,Al Roker
4118,Alicia Vikander
4119,Andy Samberg
4120,Al Pacino
4121,Adrianne Palicki
4122,Benjamin Bratt
4123,Betty White
4124,Alexis Thorpe
4125,Ashley Graham
4126,Betty White
4127,Alan Alda
4128,Adele
4129,Anna Kendrick
4130,Aaron Judge
4131,Aaron Judge
4132,Alec Baldwin
4133,Anjelica Huston
4134,Barry Pepper
4135,Analeigh Tipton
4136,Amanda Peet
4137,Adriana Lima
4138,Ali Larter
4139,Adrianne Palicki
4140,Anne Hathaway
4141,Angelina Jolie
4142,Bella Hadid
4143,Anna Faris
4144,Alan Arkin
4145,AnnaSophia Robb
4146,Andy Murray
4147,bella thorne
4148,AnnaSophia Robb
4149,Amanda Peet
4150,Ava Gardner
4151,Arnold Schwarzenegger
4152,Barabara Palvin
4153,Benicio Del Toro
4154,Adrianne Palicki
4155,Alan Arkin
4156,bella thorne
4157,Barabara Palvin
4158,Amanda Bynes
4159,Alice Eve
4160,Andreea Diaconu
4161,Amber Heard
4162,Anna Faris
4163,Aaron Taylor-Johnson
4164,Alexis Thorpe
4165,Ashley Graham
4166,Anthony Perkins
4167,Alx James
4168,Adrien Brody
4169,Ava Gardner
4170,Amanda Crew
4171,Bill Rancic
4172,AnnaSophia Robb
4173,Ben Kingsley
4174,Ashley Judd
4175,Alan Rickman
4176,Alexander Skarsgard
4177,Alan Rickman
4178,Barbra Streisand
4179,Barry Pepper
4180,Audrey Tautou
4181,Andy Garcia
4182,Andreea Diaconu
4183,Aaron Taylor-Johnson
4184,Aaron Judge
4185,Bill Paxton
4186,Audrey Hepburn
4187,Barabara Palvin
4188,Alan Arkin
4189,Alexandra Daddario
4190,Angela Bassett
4191,Barbra Streisand
4192,Bette Midler
4193,Audrey Hepburn
4194,Anna Kendrick
4195,Alexandra Daddario
4196,Berenice Bejo
4197,Alan Alda
4198,Benedict Cumberbatch
4199,Bill Rancic
4200,Anna Faris
4201,Betty White
4202,Alexander Skarsgard
4203,Barabara Palvin
4204,Andrew Luck
4205,Albert Finney
4206,Ashley Judd
4207,Anderson Cooper
4208,Bill Murray
4209,Andrew Luck
4210,Anna Kendrick
4211,Bill Daley
4212,Alan Arkin
4213,Amanda Crew
4214,Alx James
4215,Benicio Del Toro
4216,Bill Murray
4217,Anne Bancroft
4218,Bill Paxton
4219,Angela Bassett
4220,Analeigh Tipton
4221,Bernie Mac
4222,Adriana Barraza
4223,Angelina Jolie
4224,Billy Bob Thornton
4225,Bernie Mac
4226,Abigail Breslin
4227,Anjelica Huston
4228,Alexandra Daddario
4229,Amber Heard
4230,Anjelica Huston
4231,Ben Affleck
4232,Ben Affleck
4233,Andy Samberg
4234,Andy Serkis
4235,Alec Baldwin
4236,Andy Samberg
4237,Audrey Hepburn
4238,Adrien Brody
4239,Alan Alda
4240,Alan Alda
4241,Alan Arkin
4242,Al Roker
4243,Barabara Palvin
4244,Beyonce Knowles
4245,Amanda Peet
4246,Andie MacDowell
4247,Betty White
4248,Anna Faris
4249,Amanda Seyfried
4250,Adele
4251,Ben Affleck
4252,Adriana Barraza
4253,Barry Pepper
4254,Akemi Darenogare
4255,Albert Finney
4256,Akemi Darenogare
4257,Ben Affleck
4258,Anthony Hopkins
4259,Annette Bening
4260,Alexandra Daddario
4261,Bernie Mac
4262,Adrianne Palicki
4263,Anthony Perkins
4264,Alessandra Ambrosio
4265,Arnold Schwarzenegger
4266,Ben Kingsley
4267,Amber Heard
4268,Ben Stiller
4269,Al Pacino
4270,Andrew Lincoln
4271,Amy Adams
4272,Ashley Greene
4273,Anderson Cooper
4274,Berenice Bejo
4275,Andy Garcia
4276,Alessandra Ambrosio
4277,Alexis Thorpe
4278,Ashley Judd
4279,Antonio Banderas
4280,Andrew Lincoln
4281,Andie MacDowell
4282,Anthony Perkins
4283,Amanda Seyfried
4284,Adriana Barraza
4285,Ben Foster
4286,Bill Hader
4287,Benedict Cumberbatch
4288,Adele
4289,Alx James
4290,Al Pacino
4291,Alan Arkin
4292,Ben Johnson
4293,Analeigh Tipton
4294,Anne Hathaway
4295,Adrien Brody
4296,Amy Adams
4297,Beyonce Knowles
4298,Adele
4299,Anjelica Huston
4300,Aaron Judge
4301,Andy Murray
4302,Andy Samberg
4303,Anne Baxter
4304,Bill Paxton
4305,Angela Bassett
4306,Anthony Perkins
4307,Bill Murray
4308,Barabara Palvin
4309,Anthony Mackie
4310,Ashley Graham
4311,Alicia Vikander
4312,Alex Pettyfer
4313,Aaron Paul
4314,Anna Faris
4315,Alx James
4316,Amy Adams
4317,Aaron Judge
4318,Alx James
4319,Bill Murray
4320,Alex Pettyfer
4321,Audrey Hepburn
4322,Bernie Mac
4323,Alx James
4324,Alec Baldwin
4325,Anderson Cooper
4326,Audrey Hepburn
4327,Anna Sui
4328,Alicia Vikander
4329,Adam Sandler
4330,Al Roker
4331,Benjamin Bratt
4332,Adrien Brody
4333,Bernie Mac
4334,Anna Friel
4335,Anna Paquin
4336,Adam Sandler
4337,Ashley Greene
4338,Annette Bening
4339,Berenice Bejo
4340,Alexis Thorpe
4341,Barry Pepper
4342,Arnold Schwarzenegger
4343,Billy Bob Thornton
4344,Andy Garcia
4345,Aaron Taylor-Johnson
4346,Anna Sui
4347,Ashley Greene
4348,Akemi Darenogare
4349,Alessandra Ambrosio
4350,Amy Schumer
4351,Betty White
4352,Barry Pepper
4353,Bill Rancic
4354,Audrey Hepburn
4355,Bill Hader
4356,Al Pacino
4357,Ben Stiller
4358,Ava Gardner
4359,Akemi Darenogare
4360,Ben Stiller
4361,Alexandra Daddario
4362,Alan Rickman
4363,Billy Bob Thornton
4364,Amanda Crew
4365,Bette Midler
4366,Alex Pettyfer
4367,Alexis Thorpe
4368,Andie MacDowell
4369,Anjelica Huston
4370,Amy Adams
4371,Ashley Greene
4372,Andrew Garfield
4373,Ashley Greene
4374,Bill Hader
4375,Bill Rancic
4376,Amy Ryan
4377,Amy Schumer
4378,Amy Schumer
4379,Angelina Jolie
4380,Alx James
4381,Ava Gardner
4382,Ben Johnson
4383,Alessandra Ambrosio
4384,Arnold Schwarzenegger
4385,Audrey Hepburn
4386,Albert Finney
4387,Billy Bob Thornton
4388,Antonio Banderas
4389,Andy Serkis
4390,Anna Faris
4391,Bernie Mac
4392,Ali Larter
4393,Bette Midler
4394,Adriana Lima
4395,Anthony Hopkins
4396,Alan Rickman
4397,Adrien Brody
4398,Bill Hader
4399,Andy Serkis
4400,Barbra Streisand
4401,Annette Bening
4402,Billy Bob Thornton
4403,Amanda Peet
4404,Betty White
4405,Andy Samberg
4406,Anna Faris
4407,Anna Faris
4408,Andy Murray
4409,Arnold Schwarzenegger
4410,Ali Larter
4411,Anna Kendrick
4412,Al Pacino
4413,Amy Adams
4414,Ava Gardner
4415,Adrien Brody
4416,Bette Midler
4417,Ali Larter
4418,Adriana Barraza
4419,Anthony Hopkins
4420,Alex Pettyfer
4421,Ben Kingsley
4422,Bill Hader
4423,Ben Kingsley
4424,Anna Faris
4425,Ashton Kutcher
4426,Amanda Bynes
4427,Adriana Lima
4428,Andreea Diaconu
4429,Ashton Kutcher
4430,Ava Gardner
4431,Andy Murray
4432,Al Roker
4433,Ben Stiller
4434,Alexis Thorpe
4435,Amanda Peet
4436,Benedict Cumberbatch
4437,Alan Arkin
4438,Benedict Cumberbatch
4439,Berenice Bejo
4440,Berenice Bejo
4441,Ashley Greene
4442,Berenice Bejo
4443,Alan Arkin
4444,Akemi Darenogare
4445,Bill O Reilly
4446,Anthony Hopkins
4447,Adele
4448,Bill O Reilly
4449,Antonio Banderas
4450,Adriana Lima
4451,Audrey Tautou
4452,Alan Alda
4453,Abigail Breslin
4454,Ashley Judd
4455,Adele
4456,Ali Larter
4457,Anthony Hopkins
4458,Adam Sandler
4459,Bette Midler
4460,Ashley Judd
4461,Ava Gardner
4462,Anne Baxter
4463,Anthony Perkins
4464,Ben Stiller
4465,Audrey Hepburn
4466,Andy Serkis
4467,Billy Bob Thornton
4468,Anne Hathaway
4469,Al Roker
4470,Ashley Greene
4471,Al Pacino
4472,Anna Sui
4473,Anna Paquin
4474,Bill Rancic
4475,Anjelica Huston
4476,Andy Samberg
4477,Bernie Mac
4478,Andy Garcia
4479,Bill Pullman
4480,Bill Hader
4481,Benedict Cumberbatch
4482,Andy Samberg
4483,Alan Rickman
4484,Arnold Schwarzenegger
4485,Barabara Palvin
4486,Adrien Brody
4487,bella thorne
4488,Adrien Brody
4489,Amanda Bynes
4490,Albert Finney
4491,Andy Garcia
4492,Ben Kingsley
4493,Ashley Graham
4494,Ava Gardner
4495,Albert Finney
4496,Albert Finney
4497,Andy Garcia
4498,Amanda Seyfried
4499,Andy Serkis
4500,Andrew Garfield
4501,Abigail Breslin
4502,Ben Johnson
4503,Ashley Graham
4504,Benicio Del Toro
4505,Ashley Graham
4506,Anna Faris
4507,Albert Finney
4508,Albert Finney
4509,Alicia Vikander
4510,Alicia Vikander
4511,Audrey Hepburn
4512,Armin Mueller-Stahl
4513,Bill Murray
4514,Ali Larter
4515,Ashley Graham
4516,Annette Bening
4517,Albert Brooks
4518,Andie MacDowell
4519,Andrew Garfield
4520,Ashley Judd
4521,Adrien Brody
4522,Ben Johnson
4523,Anna Faris
4524,Abigail Breslin
4525,Anne Bancroft
4526,Ava Gardner
4527,Bella Hadid
4528,Bella Hadid
4529,Andy Garcia
4530,Adrien Brody
4531,Amanda Peet
4532,Ashley Graham
4533,Anderson Cooper
4534,Aaron Taylor-Johnson
4535,Andy Garcia
4536,Andy Garcia
4537,Ben Affleck
4538,Anthony Hopkins
4539,Anthony Mackie
4540,AnnaSophia Robb
4541,Andy Serkis
4542,Ashley Judd
4543,Ben Johnson
4544,Ashley Graham
4545,Andy Murray
4546,Billy Bob Thornton
4547,Amanda Seyfried
4548,Andy Samberg
4549,bella thorne
4550,Audrey Tautou
4551,Bella Hadid
4552,Amanda Peet
4553,Ben Foster
4554,Bernie Mac
4555,Aaron Paul
4556,Audrey Hepburn
4557,Bernie Mac
4558,Andrew Lincoln
4559,Anna Paquin
4560,Ashley Greene
4561,Anderson Cooper
4562,Amanda Bynes
4563,Amy Schumer
4564,Al Roker
4565,Barbra Streisand
4566,Bella Hadid
4567,Andy Samberg
4568,Albert Finney
4569,Adrianne Palicki
4570,Amanda Peet
4571,Amanda Seyfried
4572,Alessandra Ambrosio
4573,Bernie Mac
4574,Andy Serkis
4575,Anderson Cooper
4576,Analeigh Tipton
4577,Anderson Cooper
4578,Aaron Judge
4579,Ashley Graham
4580,Anthony Perkins
4581,Benedict Cumberbatch
4582,Audrey Hepburn
4583,Andy Samberg
4584,Anna Faris
4585,Al Pacino
4586,Alicia Vikander
4587,Andy Serkis
4588,Ali Larter
4589,Ava Gardner
4590,Audrey Hepburn
4591,Adam Sandler
4592,Alec Baldwin
4593,Alx James
4594,Amanda Seyfried
4595,Amy Ryan
4596,Alx James
4597,Adele
4598,Benicio Del Toro
4599,Armin Mueller-Stahl
4600,Alx James
4601,Aaron Paul
4602,Anna Sui
4603,Antonio Banderas
4604,Benicio Del Toro
4605,Adrien Brody
4606,Amanda Seyfried
4607,Andrew Garfield
4608,Anjelica Huston
4609,Al Pacino
4610,Adele
4611,Aaron Taylor-Johnson
4612,Alicia Vikander
4613,Ashley Graham
4614,Al Pacino
4615,Albert Brooks
4616,Anderson Cooper
4617,Ali Larter
4618,Andreea Diaconu
4619,Betty White
4620,Aaron Judge
4621,Aaron Judge
4622,Andy Samberg
4623,Barabara Palvin
4624,Audrey Tautou
4625,Alan Arkin
4626,Art Carney
4627,Adrianne Palicki
4628,Angelina Jolie
4629,Anna Paquin
4630,Bill Pullman
4631,Andy Samberg
4632,Al Pacino
4633,Anna Paquin
4634,Arnold Schwarzenegger
4635,Anna Faris
4636,Anna Sui
4637,Ashley Greene
4638,Ben Foster
4639,Berenice Bejo
4640,Aaron Judge
4641,Analeigh Tipton
4642,Audrey Tautou
4643,Alex Pettyfer
4644,Ali Larter
4645,Ali Larter
4646,Akemi Darenogare
4647,Antonio Banderas
4648,Adele
4649,Andie MacDowell
4650,Amanda Peet
4651,Anna Sui
4652,Andrew Garfield
4653,Barabara Palvin
4654,Arnold Schwarzenegger
4655,Bill Daley
4656,Anjelica Huston
4657,Berenice Bejo
4658,Ben Kingsley
4659,Amy Ryan
4660,Bill Daley
4661,Andie MacDowell
4662,Adrien Brody
4663,Alexis Thorpe
4664,Anne Bancroft
4665,Andy Samberg
4666,Bill Pullman
4667,Bill Hader
4668,Aaron Taylor-Johnson
4669,Alan Rickman
4670,Alexis Thorpe
4671,Ali Larter
4672,Alan Arkin
4673,Adrianne Palicki
4674,AnnaSophia Robb
4675,Bill Daley
4676,Albert Brooks
4677,Bill Rancic
4678,Alicia Vikander
4679,Andrew Garfield
4680,Bill Pullman
4681,Andreea Diaconu
4682,Alice Eve
4683,Andie MacDowell
4684,Albert Finney
4685,Ben Johnson
4686,Adam Sandler
4687,Bella Hadid
4688,Ashley Greene
4689,Andy Samberg
4690,Adrianne Palicki
4691,Angelina Jolie
4692,Bill Murray
4693,Anthony Hopkins
4694,Andrew Lincoln
4695,Berenice Bejo
4696,Anne Bancroft
4697,Ben Kingsley
4698,Bill Daley
4699,Bill Murray
4700,Bill Rancic
4701,Audrey Tautou
4702,Amanda Crew
4703,Barabara Palvin
4704,Audrey Hepburn
4705,Alex Pettyfer
4706,Adriana Lima
4707,Alexis Thorpe
4708,Anne Baxter
4709,Audrey Hepburn
4710,Anna Kendrick
4711,Abigail Breslin
4712,Adrien Brody
4713,Al Roker
4714,AnnaSophia Robb
4715,Ali Larter
4716,Betty White
4717,Alice Eve
4718,Ben Kingsley
4719,Amanda Bynes
4720,Betty White
4721,Ava Gardner
4722,Bill Rancic
4723,Betty White
4724,Berenice Bejo
4725,Analeigh Tipton
4726,Albert Brooks
4727,Bill O Reilly
4728,Armin Mueller-Stahl
4729,Ben Johnson
4730,Benedict Cumberbatch
4731,Berenice Bejo
4732,AnnaSophia Robb
4733,Anna Friel
4734,Barry Pepper
4735,Anjelica Huston
4736,Ben Affleck
4737,Andreea Diaconu
4738,Bill O Reilly
4739,Analeigh Tipton
4740,Anjelica Huston
4741,Ben Foster
4742,Alan Arkin
4743,Annette Bening
4744,Amy Adams
4745,Billy Bob Thornton
4746,Bernie Mac
4747,Anthony Hopkins
4748,Andrew Lincoln
4749,bella thorne
4750,Aaron Paul
4751,Andreea Diaconu
4752,Amanda Seyfried
4753,Anna Kendrick
4754,Alx James
4755,Bill Hader
4756,Bill Paxton
4757,Anne Bancroft
4758,Anne Baxter
4759,Alicia Vikander
4760,Alex Pettyfer
4761,Barbra Streisand
4762,Armin Mueller-Stahl
4763,Andreea Diaconu
4764,Abigail Breslin
4765,Anne Bancroft
4766,Ben Stiller
4767,Adrianne Palicki
4768,Anna Friel
4769,Armin Mueller-Stahl
4770,Adrien Brody
4771,Anne Bancroft
4772,Adrien Brody
4773,Ali Larter
4774,Adrianne Palicki
4775,Bella Hadid
4776,Akemi Darenogare
4777,Anjelica Huston
4778,Bill O Reilly
4779,Alexander Skarsgard
4780,Anna Kendrick
4781,Ava Gardner
4782,Adriana Barraza
4783,Alessandra Ambrosio
4784,Ben Foster
4785,Ali Larter
4786,Bill Murray
4787,Amy Ryan
4788,Alan Rickman
4789,Anthony Hopkins
4790,Benjamin Bratt
4791,Ashley Graham
4792,Alicia Vikander
4793,Barry Pepper
4794,Ashley Greene
4795,Ashley Greene
4796,Benedict Cumberbatch
4797,Aaron Judge
4798,Adriana Barraza
4799,Anne Hathaway
4800,Abigail Breslin
4801,Ashton Kutcher
4802,Anthony Hopkins
4803,Adele
4804,Alex Pettyfer
4805,Anne Hathaway
4806,Ashley Greene
4807,Alan Arkin
4808,AnnaSophia Robb
4809,Audrey Tautou
4810,Aaron Paul
4811,Alice Eve
4812,Bill Hader
4813,Amanda Peet
4814,Amy Ryan
4815,Angela Bassett
4816,Annette Bening
4817,Bella Hadid
4818,Alx James
4819,Anna Kendrick
4820,Adriana Barraza
4821,Anna Friel
4822,Alice Eve
4823,Benicio Del Toro
4824,Anjelica Huston
4825,Adrien Brody
4826,Aaron Judge
4827,Ben Stiller
4828,Bette Midler
4829,Ben Kingsley
4830,Albert Finney
4831,Adam Sandler
4832,Alexandra Daddario
4833,Anna Paquin
4834,Andie MacDowell
4835,Ashley Judd
4836,Akemi Darenogare
4837,Andy Serkis
4838,Adrien Brody
4839,Anna Friel
4840,Aaron Paul
4841,Anne Baxter
4842,Bill Pullman
4843,Ben Foster
4844,Ben Foster
4845,Bernie Mac
4846,Anna Friel
4847,Anne Baxter
4848,Adele
4849,Alx James
4850,Amy Ryan
4851,Armin Mueller-Stahl
4852,Benicio Del Toro
4853,Alan Rickman
4854,Anna Faris
4855,Audrey Hepburn
4856,Alexandra Daddario
4857,Ben Kingsley
4858,Andy Garcia
4859,Ava Gardner
4860,Alexander Skarsgard
4861,Ben Foster
4862,Anthony Perkins
4863,Barbra Streisand
4864,Amy Ryan
4865,Bill Paxton
4866,Anna Paquin
4867,Andie MacDowell
4868,Amanda Peet
4869,Anne Baxter
4870,Ashton Kutcher
4871,Alicia Vikander
4872,Bernie Mac
4873,Ben Stiller
4874,Amy Adams
4875,Alicia Vikander
4876,Adriana Lima
4877,Adriana Lima
4878,Andy Samberg
4879,Armin Mueller-Stahl
4880,Anne Bancroft
4881,Andy Serkis
4882,Anne Bancroft
4883,Aaron Taylor-Johnson
4884,Amy Adams
4885,Andrew Lincoln
4886,Antonio Banderas
4887,Alexis Thorpe
4888,Betty White
4889,Ben Kingsley
4890,Al Pacino
4891,Bill Daley
4892,Antonio Banderas
4893,Andy Garcia
4894,Anna Paquin
4895,Angela Bassett
4896,Alessandra Ambrosio
4897,Alec Baldwin
4898,Adriana Barraza
4899,Berenice Bejo
4900,Aaron Paul
4901,Audrey Hepburn
4902,Ashton Kutcher
4903,Anna Sui
4904,Al Pacino
4905,Bill Murray
4906,Amanda Crew
4907,Ashley Graham
4908,Al Roker
4909,Angelina Jolie
4910,Adrien Brody
4911,Andrew Luck
4912,Alx James
4913,Ashley Greene
4914,Al Pacino
4915,Amy Ryan
4916,Anthony Perkins
4917,Amanda Crew
4918,Ben Johnson
4919,Aaron Taylor-Johnson
4920,Amber Heard
4921,Amy Ryan
4922,Bella Hadid
4923,Albert Brooks
4924,Amanda Crew
4925,Ava Gardner
4926,Angela Bassett
4927,Audrey Hepburn
4928,Al Roker
4929,Amy Ryan
4930,Bill Daley
4931,Anna Sui
4932,Anthony Perkins
4933,Andrew Garfield
4934,Amber Heard
4935,Bill Pullman
4936,Alessandra Ambrosio
4937,Andy Serkis
4938,Ashton Kutcher
4939,Alan Arkin
4940,Andrew Lincoln
4941,Andy Samberg
4942,Ava Gardner
4943,Benedict Cumberbatch
4944,Al Pacino
4945,Ashley Judd
4946,Angela Bassett
4947,Ben Foster
4948,Alec Baldwin
4949,Albert Finney
4950,Barry Pepper
4951,Bill Daley
4952,Anna Faris
4953,Bill Murray
4954,Anjelica Huston
4955,Albert Finney
4956,Anna Kendrick
4957,Abigail Breslin
4958,Alexandra Daddario
4959,Amanda Bynes
4960,Anjelica Huston
4961,Beyonce Knowles
4962,Bill Daley
4963,Al Pacino
4964,Amy Ryan
4965,Berenice Bejo
4966,Andrew Lincoln
4967,Art Carney
4968,Aaron Judge
4969,Amanda Seyfried
4970,Anjelica Huston
4971,Ashley Greene
4972,Anna Sui
4973,Armin Mueller-Stahl
4974,Bill Hader
4975,Amanda Crew
4976,Betty White